,ZTF_ID,Classification,Type_Ia_Probability,Type_II_Probability,Type_Ib/c_Probability,SLSN_Probability
REFITT_Filter,ZTF21aakjkec,SLSN,0.0,0.4285714285714285,0.0,0.5714285714285714
REFITT_Filter,ZTF20acusylb,SLSN,0.0,0.4761904761904761,0.0,0.5238095238095238
REFITT_Filter,ZTF20acggqfs,Type Ia,0.9523809523809524,0.0,0.0476190476190476,0.0
REFITT_Filter,ZTF20acvezdt,Type Ib/c,0.0,0.0,0.5238095238095238,0.4761904761904761
REFITT_Filter,ZTF21aabfwwl,Type II,0.0476190476190476,0.9523809523809524,0.0,0.0
REFITT_Filter,ZTF21aabyifm,Type II,0.0476190476190476,0.4761904761904761,0.4761904761904761,0.0
REFITT_Filter,ZTF21aaabvit,Type Ia,0.5238095238095238,0.0,0.4761904761904761,0.0
REFITT_Filter,ZTF21aamwvhr,SLSN,0.0952380952380952,0.0476190476190476,0.0,0.8571428571428571
REFITT_Filter,ZTF21aaabwzx,Type II,0.0,1.0,0.0,0.0
REFITT_Filter,ZTF21aabygea,Type II,0.0,0.9523809523809524,0.0,0.0476190476190476
REFITT_Filter,ZTF21aagsysd,Type II,0.0476190476190476,0.9523809523809524,0.0,0.0
REFITT_Filter,ZTF20acpbdvm,Type II,0.0,1.0,0.0,0.0
REFITT_Filter,ZTF21aahdpvi,Type II,0.0476190476190476,0.6190476190476191,0.1904761904761904,0.1428571428571428
REFITT_Filter,ZTF21aaagypx,Type II,0.0476190476190476,0.9523809523809524,0.0,0.0
REFITT_Filter,ZTF21aagqcfs,Type Ib/c,0.0476190476190476,0.0,0.9523809523809524,0.0
REFITT_Filter,ZTF21aantsla,Type II,0.0476190476190476,0.8571428571428571,0.0952380952380952,0.0
REFITT_Filter,ZTF21aaifyvi,SLSN,0.1904761904761904,0.0952380952380952,0.0,0.7142857142857143
REFITT_Filter,ZTF21aaejeyu,Type Ia,0.5238095238095238,0.0,0.0,0.4761904761904761
REFITT_Filter,ZTF21aagppzg,Type Ib/c,0.0476190476190476,0.0476190476190476,0.8571428571428571,0.0476190476190476
REFITT_Filter,ZTF21aagnzjy,Type II,0.0,1.0,0.0,0.0
REFITT_Filter,ZTF21aaizyqc,SLSN,0.0476190476190476,0.0,0.0,0.9523809523809524
REFITT_Filter,ZTF21aagmryd,Type Ib/c,0.0,0.0,1.0,0.0
REFITT_Filter,ZTF21aahcmkt,Type Ib/c,0.3333333333333333,0.0,0.6190476190476191,0.0476190476190476
REFITT_Filter,ZTF20acwozud,SLSN,0.0952380952380952,0.1904761904761904,0.238095238095238,0.4761904761904761
REFITT_Filter,ZTF20acpjbgc,Type II,0.0,1.0,0.0,0.0
REFITT_Filter,ZTF21aalimya,SLSN,0.0,0.0952380952380952,0.1428571428571428,0.7619047619047619
REFITT_Filter,ZTF21aagqdvr,Type Ib/c,0.0,0.0476190476190476,0.9523809523809524,0.0
REFITT_Filter,ZTF21aagogqe,Type Ia,0.5238095238095238,0.4285714285714285,0.0,0.0476190476190476
REFITT_Filter,ZTF21aagnqnz,Type II,0.0,0.5238095238095238,0.0,0.4761904761904761
REFITT_Filter,ZTF21aafgljq,Type Ia,0.9047619047619048,0.0,0.0,0.0952380952380952
REFITT_Filter,ZTF20acwmyzx,SLSN,0.0476190476190476,0.0,0.0,0.9523809523809524
REFITT_Filter,ZTF21aaanhws,Type II,0.0952380952380952,0.6190476190476191,0.2857142857142857,0.0
REFITT_Filter,ZTF21aalgtgc,Type II,0.0476190476190476,0.8095238095238095,0.1428571428571428,0.0
REFITT_Filter,ZTF21aagmvek,Type Ib/c,0.1428571428571428,0.238095238095238,0.4285714285714285,0.1904761904761904
REFITT_Filter,ZTF21aaekkso,Type II,0.0476190476190476,0.9047619047619048,0.0476190476190476,0.0
REFITT_Filter,ZTF20acxtgek,Type Ib/c,0.0952380952380952,0.1904761904761904,0.7142857142857143,0.0
REFITT_Filter,ZTF21aabyoxv,Type II,0.0476190476190476,0.8095238095238095,0.1428571428571428,0.0
REFITT_Filter,ZTF18aahrzkb,Type Ib/c,0.1904761904761904,0.0952380952380952,0.7142857142857143,0.0
REFITT_Filter,ZTF21aafkpnp,Type Ia,1.0,0.0,0.0,0.0
REFITT_Filter,ZTF20actnzxm,Type II,0.0476190476190476,0.9523809523809524,0.0,0.0
REFITT_Filter,ZTF21aaabrpu,SLSN,0.1428571428571428,0.2857142857142857,0.0,0.5714285714285714
REFITT_Filter,ZTF21aacwleg,Type Ia,0.7142857142857143,0.0476190476190476,0.0,0.238095238095238
REFITT_Filter,ZTF21aaabucc,Type II,0.0,1.0,0.0,0.0
REFITT_Filter,ZTF21aaeotnn,Type Ib/c,0.1904761904761904,0.0952380952380952,0.6666666666666666,0.0476190476190476
REFITT_Filter,ZTF20acyxlza,SLSN,0.0476190476190476,0.0476190476190476,0.0476190476190476,0.8571428571428571
REFITT_Filter,ZTF21aafjjee,Type Ia,1.0,0.0,0.0,0.0
REFITT_Filter,ZTF20acrinvz,Type II,0.0476190476190476,0.5714285714285714,0.3809523809523809,0.0
REFITT_Filter,ZTF21aadugqf,Type Ib/c,0.1428571428571428,0.0952380952380952,0.6666666666666666,0.0952380952380952
REFITT_Filter,ZTF21aagomio,Type II,0.0952380952380952,0.6666666666666666,0.238095238095238,0.0
REFITT_Filter,ZTF20acxqteh,Type Ib/c,0.0952380952380952,0.0952380952380952,0.7619047619047619,0.0476190476190476
REFITT_Filter,ZTF21aaehinn,Type Ia,1.0,0.0,0.0,0.0
REFITT_Filter,ZTF20acytfkf,Type Ib/c,0.0952380952380952,0.238095238095238,0.6666666666666666,0.0
REFITT_Filter,ZTF21aajmkrd,SLSN,0.0952380952380952,0.4285714285714285,0.0,0.4761904761904761
REFITT_Filter,ZTF20acwjnux,Type Ia,0.7619047619047619,0.0,0.0952380952380952,0.1428571428571428
REFITT_Filter,ZTF20adadlqm,Type II,0.0,0.5714285714285714,0.4285714285714285,0.0
REFITT_Filter,ZTF20acytgxf,Type II,0.0,1.0,0.0,0.0
REFITT_Filter,ZTF21aabyqps,SLSN,0.1904761904761904,0.0952380952380952,0.0,0.7142857142857143
REFITT_Filter,ZTF18aajjhkq,Type Ia,0.8095238095238095,0.0,0.0,0.1904761904761904
REFITT_Filter,ZTF20acrcewc,Type II,0.0476190476190476,0.9523809523809524,0.0,0.0
REFITT_Filter,ZTF21aaabxln,Type Ib/c,0.0476190476190476,0.1904761904761904,0.7619047619047619,0.0
REFITT_Filter,ZTF21aabxztv,Type Ia,0.9523809523809524,0.0,0.0,0.0476190476190476
REFITT_Filter,ZTF20acrjdjk,Type II,0.1428571428571428,0.7142857142857143,0.1428571428571428,0.0
REFITT_Filter,ZTF20acgoxns,Type Ib/c,0.0,0.3333333333333333,0.6666666666666666,0.0
REFITT_Filter,ZTF20acwxrgp,SLSN,0.0952380952380952,0.238095238095238,0.0952380952380952,0.5714285714285714
REFITT_Filter,ZTF20acphjgz,Type II,0.0476190476190476,0.9047619047619048,0.0476190476190476,0.0
REFITT_Filter,ZTF20acrjfoc,Type II,0.0952380952380952,0.8095238095238095,0.0952380952380952,0.0
REFITT_Filter,ZTF20acpmtjf,Type Ib/c,0.0476190476190476,0.4285714285714285,0.5238095238095238,0.0
REFITT_Filter,ZTF21aaaalaf,Type II,0.0476190476190476,0.8571428571428571,0.0952380952380952,0.0
REFITT_Filter,ZTF20acwoftf,Type Ia,0.8095238095238095,0.1904761904761904,0.0,0.0
REFITT_Filter,ZTF21aabvqed,Type Ia,0.5714285714285714,0.1904761904761904,0.238095238095238,0.0
REFITT_Filter,ZTF20acyxwop,Type Ia,0.6190476190476191,0.238095238095238,0.0,0.1428571428571428
REFITT_Filter,ZTF20acyroek,Type Ia,0.4285714285714285,0.0,0.1904761904761904,0.3809523809523809
REFITT_Filter,ZTF20acyvzgi,Type Ib/c,0.0952380952380952,0.0,0.9047619047619048,0.0
REFITT_Filter,ZTF20acsebtw,Type Ia,0.9523809523809524,0.0476190476190476,0.0,0.0
REFITT_Filter,ZTF20acitojm,Type Ia,0.9523809523809524,0.0,0.0476190476190476,0.0
REFITT_Filter,ZTF20accmtgt,Type II,0.0952380952380952,0.9047619047619048,0.0,0.0
REFITT_Filter,ZTF20acikxuh,Type II,0.0476190476190476,0.9047619047619048,0.0476190476190476,0.0
REFITT_Filter,ZTF20acnvlgg,Type Ib/c,0.3809523809523809,0.0952380952380952,0.5238095238095238,0.0
REFITT_Filter,ZTF20acgchsp,Type II,0.0952380952380952,0.9047619047619048,0.0,0.0
REFITT_Filter,ZTF20acxuifr,Type Ib/c,0.0952380952380952,0.0952380952380952,0.5714285714285714,0.238095238095238
REFITT_Filter,ZTF20acvhwlp,Type Ib/c,0.1904761904761904,0.2857142857142857,0.5238095238095238,0.0
REFITT_Filter,ZTF20acxqaof,Type Ib/c,0.0476190476190476,0.0952380952380952,0.8571428571428571,0.0
REFITT_Filter,ZTF20acoawtj,SLSN,0.0,0.0,0.2857142857142857,0.7142857142857143
REFITT_Filter,ZTF20actoank,SLSN,0.4761904761904761,0.0,0.0,0.5238095238095238
REFITT_Filter,ZTF20acpkefi,Type Ia,0.7619047619047619,0.0,0.0,0.238095238095238
REFITT_Filter,ZTF20abxyaaf,Type II,0.0952380952380952,0.6190476190476191,0.2857142857142857,0.0
REFITT_Filter,ZTF20accxshs,Type II,0.0476190476190476,0.9047619047619048,0.0476190476190476,0.0
REFITT_Filter,ZTF20abnbilr,Type Ib/c,0.0476190476190476,0.3809523809523809,0.5714285714285714,0.0
REFITT_Filter,ZTF20acilzkh,SLSN,0.1904761904761904,0.0952380952380952,0.0,0.7142857142857143
REFITT_Filter,ZTF20acfvqjl,Type II,0.0476190476190476,0.9523809523809524,0.0,0.0
REFITT_Filter,ZTF20acgkbjz,Type II,0.0,1.0,0.0,0.0
REFITT_Filter,ZTF20acpmveq,Type Ib/c,0.1904761904761904,0.0476190476190476,0.7142857142857143,0.0476190476190476
REFITT_Filter,ZTF20abyrdna,Type II,0.1428571428571428,0.5714285714285714,0.238095238095238,0.0476190476190476
REFITT_Filter,ZTF20abydkrl,Type Ia,1.0,0.0,0.0,0.0
REFITT_Filter,ZTF20abupxie,Type II,0.0,1.0,0.0,0.0
REFITT_Filter,ZTF20acihhzi,SLSN,0.0476190476190476,0.238095238095238,0.0952380952380952,0.6190476190476191
REFITT_Filter,ZTF20abywzvj,Type Ia,0.9523809523809524,0.0476190476190476,0.0,0.0
REFITT_Filter,ZTF20abzcnsq,Type II,0.0952380952380952,0.8571428571428571,0.0476190476190476,0.0
REFITT_Filter,ZTF20abzcefc,Type II,0.0952380952380952,0.8571428571428571,0.0476190476190476,0.0
REFITT_Filter,ZTF20acihinn,Type Ia,0.9523809523809524,0.0,0.0,0.0476190476190476
REFITT_Filter,ZTF20acoxtxr,SLSN,0.1428571428571428,0.2857142857142857,0.0,0.5714285714285714
REFITT_Filter,ZTF20abzcrno,Type II,0.1428571428571428,0.7142857142857143,0.1428571428571428,0.0
REFITT_Filter,ZTF20acdtscy,SLSN,0.0476190476190476,0.0,0.0,0.9523809523809524
REFITT_Filter,ZTF20acjkcvp,SLSN,0.0,0.1904761904761904,0.238095238095238,0.5714285714285714
REFITT_Filter,ZTF20achzvss,Type Ia,0.7142857142857143,0.238095238095238,0.0476190476190476,0.0
REFITT_Filter,ZTF20abzqlts,Type II,0.0952380952380952,0.8571428571428571,0.0476190476190476,0.0
REFITT_Filter,ZTF20aceqspy,SLSN,0.238095238095238,0.0952380952380952,0.238095238095238,0.4285714285714285
REFITT_Filter,ZTF20acipfkb,Type Ia,0.8571428571428571,0.1428571428571428,0.0,0.0
REFITT_Filter,ZTF20abwgujl,Type Ib/c,0.1904761904761904,0.1904761904761904,0.5238095238095238,0.0952380952380952
REFITT_Filter,ZTF20achkmlh,Type Ib/c,0.2857142857142857,0.0476190476190476,0.6190476190476191,0.0476190476190476
REFITT_Filter,ZTF20abojbrd,SLSN,0.0952380952380952,0.0952380952380952,0.0476190476190476,0.7619047619047619
REFITT_Filter,ZTF20acfvpcn,Type Ib/c,0.2857142857142857,0.0,0.7142857142857143,0.0
REFITT_Filter,ZTF20abzpxjv,Type Ib/c,0.1428571428571428,0.0476190476190476,0.8095238095238095,0.0
REFITT_Filter,ZTF20abzcmeh,Type Ia,0.3809523809523809,0.3333333333333333,0.2857142857142857,0.0
REFITT_Filter,ZTF20abzcfqn,Type Ia,1.0,0.0,0.0,0.0
REFITT_Filter,ZTF20aciyech,Type Ib/c,0.3333333333333333,0.1428571428571428,0.5238095238095238,0.0
REFITT_Filter,ZTF20abrgzfn,Type Ib/c,0.238095238095238,0.238095238095238,0.4285714285714285,0.0952380952380952
REFITT_Filter,ZTF20abmthvt,Type II,0.0476190476190476,0.9047619047619048,0.0476190476190476,0.0
REFITT_Filter,ZTF20aciucmq,Type Ib/c,0.0476190476190476,0.1428571428571428,0.5238095238095238,0.2857142857142857
REFITT_Filter,ZTF20acfkkyf,Type Ia,0.7142857142857143,0.1904761904761904,0.0476190476190476,0.0476190476190476
REFITT_Filter,ZTF20abtatwp,Type II,0.0476190476190476,0.9047619047619048,0.0476190476190476,0.0
REFITT_Filter,ZTF20abmdcfd,Type II,0.0476190476190476,0.8571428571428571,0.0952380952380952,0.0
REFITT_Filter,ZTF20acehyxd,Type Ib/c,0.1428571428571428,0.1904761904761904,0.5714285714285714,0.0952380952380952
REFITT_Filter,ZTF20abrffom,Type Ia,0.9047619047619048,0.0952380952380952,0.0,0.0
REFITT_Filter,ZTF20abluzvg,SLSN,0.0476190476190476,0.0,0.0,0.9523809523809524
REFITT_Filter,ZTF20abzuhfn,SLSN,0.2857142857142857,0.1428571428571428,0.0952380952380952,0.4761904761904761
REFITT_Filter,ZTF20acbgflt,Type Ia,0.8095238095238095,0.1904761904761904,0.0,0.0
REFITT_Filter,ZTF20abzlyge,Type Ib/c,0.1904761904761904,0.3809523809523809,0.4285714285714285,0.0
REFITT_Filter,ZTF20abzstqv,Type Ib/c,0.3333333333333333,0.0,0.3809523809523809,0.2857142857142857
REFITT_Filter,ZTF20abfcdkj,Type II,0.0476190476190476,0.9047619047619048,0.0476190476190476,0.0
REFITT_Filter,ZTF20abzeynv,Type Ib/c,0.3333333333333333,0.0476190476190476,0.6190476190476191,0.0
REFITT_Filter,ZTF20abwpryo,Type II,0.1904761904761904,0.6666666666666666,0.1428571428571428,0.0
REFITT_Filter,ZTF20abzzmwm,Type Ib/c,0.3333333333333333,0.0,0.6190476190476191,0.0476190476190476
REFITT_Filter,ZTF20abzjobr,Type Ib/c,0.2857142857142857,0.0476190476190476,0.5238095238095238,0.1428571428571428
REFITT_Filter,ZTF20abyrbom,Type Ib/c,0.0952380952380952,0.0,0.9047619047619048,0.0
REFITT_Filter,ZTF20abyxpjl,Type Ib/c,0.1428571428571428,0.1428571428571428,0.7142857142857143,0.0
REFITT_Filter,ZTF20abmlfpw,Type II,0.0476190476190476,0.9047619047619048,0.0476190476190476,0.0
REFITT_Filter,ZTF20acdawrx,Type Ib/c,0.0952380952380952,0.1428571428571428,0.5238095238095238,0.238095238095238
REFITT_Filter,ZTF20ablqdcg,Type II,0.0952380952380952,0.8095238095238095,0.0952380952380952,0.0
REFITT_Filter,ZTF20abyjanf,Type Ia,0.7619047619047619,0.0,0.0476190476190476,0.1904761904761904
REFITT_Filter,ZTF20abwytgj,Type Ia,0.8095238095238095,0.1904761904761904,0.0,0.0
REFITT_Filter,ZTF20absgwch,Type Ib/c,0.0952380952380952,0.0,0.9047619047619048,0.0
REFITT_Filter,ZTF20acdccnl,SLSN,0.1904761904761904,0.238095238095238,0.0,0.5714285714285714
REFITT_Filter,ZTF20abyxogn,Type II,0.0476190476190476,0.9523809523809524,0.0,0.0
REFITT_Filter,ZTF20abjtavx,Type II,0.0952380952380952,0.8095238095238095,0.0952380952380952,0.0
REFITT_Filter,ZTF20acaswjs,Type II,0.0476190476190476,0.7142857142857143,0.238095238095238,0.0
REFITT_Filter,ZTF20abykmhi,Type Ib/c,0.0,0.4285714285714285,0.5714285714285714,0.0
REFITT_Filter,ZTF20abwgcxe,Type Ib/c,0.238095238095238,0.0476190476190476,0.7142857142857143,0.0
REFITT_Filter,ZTF20abxtjpi,Type Ib/c,0.2857142857142857,0.0476190476190476,0.5714285714285714,0.0952380952380952
REFITT_Filter,ZTF20abvrxkz,Type Ia,0.7142857142857143,0.0952380952380952,0.1904761904761904,0.0
REFITT_Filter,ZTF20abovmth,SLSN,0.1428571428571428,0.0476190476190476,0.0,0.8095238095238095
REFITT_Filter,ZTF20abyxtkf,Type Ib/c,0.0476190476190476,0.2857142857142857,0.4761904761904761,0.1904761904761904
REFITT_Filter,ZTF20abkdjwl,Type II,0.0476190476190476,0.8571428571428571,0.0952380952380952,0.0
REFITT_Filter,ZTF20absubef,SLSN,0.0476190476190476,0.0476190476190476,0.1904761904761904,0.7142857142857143
REFITT_Filter,ZTF20abwwtri,Type Ib/c,0.0952380952380952,0.3809523809523809,0.5238095238095238,0.0
REFITT_Filter,ZTF20absejzy,Type Ia,0.9047619047619048,0.0952380952380952,0.0,0.0
REFITT_Filter,ZTF20abqowig,Type Ib/c,0.0476190476190476,0.238095238095238,0.7142857142857143,0.0
REFITT_Filter,ZTF20abstsxb,Type Ia,0.4761904761904761,0.1904761904761904,0.3333333333333333,0.0
REFITT_Filter,ZTF20abxzhze,Type Ia,0.7619047619047619,0.238095238095238,0.0,0.0
REFITT_Filter,ZTF20abvvsok,Type II,0.0,1.0,0.0,0.0
REFITT_Filter,ZTF20abhjghg,Type Ib/c,0.0,0.0476190476190476,0.9523809523809524,0.0
REFITT_Filter,ZTF20abwgbap,Type Ia,0.7142857142857143,0.1904761904761904,0.0952380952380952,0.0
REFITT_Filter,ZTF20abxkeuk,Type Ib/c,0.3809523809523809,0.0952380952380952,0.4761904761904761,0.0476190476190476
REFITT_Filter,ZTF20abjclxj,Type II,0.0476190476190476,0.8571428571428571,0.0952380952380952,0.0
REFITT_Filter,ZTF20abswnww,Type Ia,0.6190476190476191,0.1904761904761904,0.1904761904761904,0.0
REFITT_Filter,ZTF20abisijg,Type Ia,0.5714285714285714,0.0,0.4285714285714285,0.0
REFITT_Filter,ZTF20abrhknp,SLSN,0.0952380952380952,0.1904761904761904,0.0952380952380952,0.6190476190476191
REFITT_Filter,ZTF20abvyugu,Type Ib/c,0.238095238095238,0.1428571428571428,0.6190476190476191,0.0
REFITT_Filter,ZTF20abtjwju,SLSN,0.0952380952380952,0.0,0.0,0.9047619047619048
REFITT_Filter,ZTF20abexyxk,Type Ib/c,0.0476190476190476,0.2857142857142857,0.6666666666666666,0.0
REFITT_Filter,ZTF20abvyhec,Type Ib/c,0.238095238095238,0.1428571428571428,0.6190476190476191,0.0
REFITT_Filter,ZTF20abqsrvn,Type Ib/c,0.0,0.0476190476190476,0.9523809523809524,0.0
REFITT_Filter,ZTF20abyeymy,Type II,0.0,0.5714285714285714,0.4285714285714285,0.0
REFITT_Filter,ZTF20abqkyfj,Type Ia,0.3809523809523809,0.238095238095238,0.0,0.3809523809523809
REFITT_Filter,ZTF20abpoyvl,Type Ib/c,0.0,0.0,1.0,0.0
REFITT_Filter,ZTF20absetxb,Type Ib/c,0.1428571428571428,0.1428571428571428,0.7142857142857143,0.0
REFITT_Filter,ZTF20abrhcws,Type Ia,0.4761904761904761,0.1904761904761904,0.3333333333333333,0.0
REFITT_Filter,ZTF20abriipn,Type II,0.1904761904761904,0.5238095238095238,0.2857142857142857,0.0
REFITT_Filter,ZTF20absvoli,Type Ib/c,0.1904761904761904,0.0476190476190476,0.6666666666666666,0.0952380952380952
REFITT_Filter,ZTF20abwditg,Type Ib/c,0.238095238095238,0.1428571428571428,0.6190476190476191,0.0
REFITT_Filter,ZTF20abtgzkv,Type Ib/c,0.238095238095238,0.0952380952380952,0.5714285714285714,0.0952380952380952
REFITT_Filter,ZTF20abfcshg,Type Ib/c,0.238095238095238,0.1428571428571428,0.6190476190476191,0.0
REFITT_Filter,ZTF20abcxnbb,Type Ib/c,0.2857142857142857,0.0476190476190476,0.6666666666666666,0.0
REFITT_Filter,ZTF20abchbds,Type Ia,0.9047619047619048,0.0476190476190476,0.0476190476190476,0.0
REFITT_Filter,ZTF20abjcyhg,Type II,0.0476190476190476,0.5238095238095238,0.0,0.4285714285714285
REFITT_Filter,ZTF20abpyrpf,Type Ia,0.8095238095238095,0.1904761904761904,0.0,0.0
REFITT_Filter,ZTF20abojcmt,Type Ia,0.8571428571428571,0.1428571428571428,0.0,0.0
REFITT_Filter,ZTF20abnwldu,Type Ia,0.7142857142857143,0.2857142857142857,0.0,0.0
REFITT_Filter,ZTF20abmtjei,Type Ib/c,0.1904761904761904,0.0,0.8095238095238095,0.0
REFITT_Filter,ZTF20abpoyqa,Type Ib/c,0.238095238095238,0.1428571428571428,0.6190476190476191,0.0
REFITT_Filter,ZTF20abrhtnf,Type Ib/c,0.0952380952380952,0.1904761904761904,0.4761904761904761,0.238095238095238
REFITT_Filter,ZTF20abmecfo,Type Ib/c,0.1904761904761904,0.0,0.8095238095238095,0.0
REFITT_Filter,ZTF20abopngr,Type Ib/c,0.1428571428571428,0.0476190476190476,0.8095238095238095,0.0
REFITT_Filter,ZTF20ablxpas,Type Ia,0.8095238095238095,0.1904761904761904,0.0,0.0
REFITT_Filter,ZTF20abehvej,Type II,0.0952380952380952,0.8571428571428571,0.0476190476190476,0.0
REFITT_Filter,ZTF20ablendo,Type Ib/c,0.1428571428571428,0.1428571428571428,0.7142857142857143,0.0
REFITT_Filter,ZTF20abrbgtb,Type Ib/c,0.1428571428571428,0.238095238095238,0.6190476190476191,0.0
REFITT_Filter,ZTF20ablwebh,Type Ia,0.8095238095238095,0.1428571428571428,0.0,0.0476190476190476
REFITT_Filter,ZTF20abmjvhk,Type Ib/c,0.1428571428571428,0.3333333333333333,0.4285714285714285,0.0952380952380952
REFITT_Filter,ZTF20abjtekp,Type II,0.1904761904761904,0.7142857142857143,0.0952380952380952,0.0
REFITT_Filter,ZTF20abchesn,Type Ib/c,0.1904761904761904,0.1904761904761904,0.5714285714285714,0.0476190476190476
REFITT_Filter,ZTF20abocgus,Type II,0.0,0.6666666666666666,0.3333333333333333,0.0
REFITT_Filter,ZTF20abqgtqf,Type II,0.1428571428571428,0.7619047619047619,0.0952380952380952,0.0
REFITT_Filter,ZTF20abjtcwp,Type Ib/c,0.0,0.1904761904761904,0.8095238095238095,0.0
REFITT_Filter,ZTF20ablkkvv,Type Ib/c,0.238095238095238,0.0952380952380952,0.6666666666666666,0.0
REFITT_Filter,ZTF20abngkbb,Type II,0.1428571428571428,0.7619047619047619,0.0952380952380952,0.0
REFITT_Filter,ZTF20abkbfxn,Type Ib/c,0.1428571428571428,0.2857142857142857,0.5238095238095238,0.0476190476190476
REFITT_Filter,ZTF20abnbcqq,Type Ib/c,0.3333333333333333,0.1428571428571428,0.4761904761904761,0.0476190476190476
REFITT_Filter,ZTF20abagwhd,Type II,0.0476190476190476,0.8571428571428571,0.0952380952380952,0.0
REFITT_Filter,ZTF20abegoix,Type Ia,0.8571428571428571,0.1428571428571428,0.0,0.0
REFITT_Filter,ZTF20abcxnkh,Type Ib/c,0.0,0.0,1.0,0.0
REFITT_Filter,ZTF20abmxxab,Type Ib/c,0.0952380952380952,0.2857142857142857,0.6190476190476191,0.0
REFITT_Filter,ZTF20abqeshn,Type II,0.0952380952380952,0.8571428571428571,0.0476190476190476,0.0
REFITT_Filter,ZTF20abmxwse,SLSN,0.1904761904761904,0.2857142857142857,0.0952380952380952,0.4285714285714285
REFITT_Filter,ZTF20abjksgj,Type Ia,0.8095238095238095,0.1904761904761904,0.0,0.0
REFITT_Filter,ZTF20abovqes,Type II,0.0952380952380952,0.5238095238095238,0.3809523809523809,0.0
REFITT_Filter,ZTF20abegjdh,Type II,0.0476190476190476,0.8571428571428571,0.0952380952380952,0.0
REFITT_Filter,ZTF20abkawmx,Type II,0.0476190476190476,0.7142857142857143,0.238095238095238,0.0
REFITT_Filter,ZTF20abltwhf,Type Ia,0.7619047619047619,0.238095238095238,0.0,0.0
REFITT_Filter,ZTF20abakjsb,Type II,0.1428571428571428,0.8095238095238095,0.0476190476190476,0.0
REFITT_Filter,ZTF20aazpphd,Type II,0.0,0.9523809523809524,0.0476190476190476,0.0
REFITT_Filter,ZTF20abizigt,Type Ib/c,0.1428571428571428,0.0476190476190476,0.8095238095238095,0.0
REFITT_Filter,ZTF20abkncvh,Type II,0.0476190476190476,0.5238095238095238,0.4285714285714285,0.0
REFITT_Filter,ZTF20abjgvht,Type Ia,0.6190476190476191,0.1904761904761904,0.1904761904761904,0.0
REFITT_Filter,ZTF20abjwklc,Type Ib/c,0.0952380952380952,0.0952380952380952,0.4285714285714285,0.3809523809523809
REFITT_Filter,ZTF20aaxlnml,Type II,0.0952380952380952,0.8571428571428571,0.0476190476190476,0.0
REFITT_Filter,ZTF20aattsxa,Type Ib/c,0.1428571428571428,0.0952380952380952,0.7619047619047619,0.0
REFITT_Filter,ZTF20abewzpe,Type Ia,0.6190476190476191,0.1428571428571428,0.0476190476190476,0.1904761904761904
REFITT_Filter,ZTF20ablxvll,Type II,0.0952380952380952,0.4761904761904761,0.4285714285714285,0.0
REFITT_Filter,ZTF20abghwxi,Type Ib/c,0.2857142857142857,0.0952380952380952,0.6190476190476191,0.0
REFITT_Filter,ZTF20abjynfq,Type II,0.1428571428571428,0.4285714285714285,0.4285714285714285,0.0
REFITT_Filter,ZTF20abjckmy,Type Ib/c,0.0476190476190476,0.0,0.9523809523809524,0.0
REFITT_Filter,ZTF20abkjozu,Type Ib/c,0.0476190476190476,0.0,0.4761904761904761,0.4761904761904761
REFITT_Filter,ZTF20abjoqmy,Type Ib/c,0.1428571428571428,0.1904761904761904,0.6666666666666666,0.0
REFITT_Filter,ZTF20abhbpxt,Type Ib/c,0.3333333333333333,0.0,0.6666666666666666,0.0
REFITT_Filter,ZTF20abhrlvj,Type Ib/c,0.0952380952380952,0.0952380952380952,0.8095238095238095,0.0
REFITT_Filter,ZTF20ablrgwj,Type II,0.1428571428571428,0.7619047619047619,0.0952380952380952,0.0
REFITT_Filter,ZTF20abjblfw,Type Ib/c,0.0952380952380952,0.0952380952380952,0.8095238095238095,0.0
REFITT_Filter,ZTF20ablbbjv,SLSN,0.0476190476190476,0.0476190476190476,0.0,0.9047619047619048
REFITT_Filter,ZTF20abgjbpj,Type Ib/c,0.2857142857142857,0.0,0.7142857142857143,0.0
REFITT_Filter,ZTF20ablhbxg,SLSN,0.1428571428571428,0.0,0.0,0.8571428571428571
REFITT_Filter,ZTF20aattrkw,Type II,0.0,0.9523809523809524,0.0476190476190476,0.0
REFITT_Filter,ZTF20abhoikj,Type Ia,0.7142857142857143,0.2857142857142857,0.0,0.0
REFITT_Filter,ZTF20abjcwim,SLSN,0.0,0.0476190476190476,0.3809523809523809,0.5714285714285714
REFITT_Filter,ZTF20aascvvo,Type II,0.0,1.0,0.0,0.0
REFITT_Filter,ZTF20abfqghm,Type Ia,0.8095238095238095,0.1904761904761904,0.0,0.0
REFITT_Filter,ZTF20aayhfmj,Type II,0.0952380952380952,0.6666666666666666,0.238095238095238,0.0
REFITT_Filter,ZTF20abfupap,Type Ib/c,0.0476190476190476,0.1428571428571428,0.5238095238095238,0.2857142857142857
REFITT_Filter,ZTF20abeksoa,Type Ib/c,0.0952380952380952,0.0476190476190476,0.8571428571428571,0.0
REFITT_Filter,ZTF20aazpnxl,Type Ia,0.9523809523809524,0.0476190476190476,0.0,0.0
REFITT_Filter,ZTF20abkdzbl,SLSN,0.0952380952380952,0.0,0.0,0.9047619047619048
REFITT_Filter,ZTF20abjblbo,Type Ib/c,0.1904761904761904,0.0,0.7619047619047619,0.0476190476190476
REFITT_Filter,ZTF20aaugjxo,Type II,0.1904761904761904,0.7142857142857143,0.0952380952380952,0.0
REFITT_Filter,ZTF20aavpyzl,Type II,0.0,0.9047619047619048,0.0952380952380952,0.0
REFITT_Filter,ZTF20abekuui,SLSN,0.0476190476190476,0.0476190476190476,0.0,0.9047619047619048
REFITT_Filter,ZTF20abhwpbr,SLSN,0.1904761904761904,0.1904761904761904,0.0,0.6190476190476191
REFITT_Filter,ZTF20abhcbzo,Type Ia,0.4285714285714285,0.1904761904761904,0.2857142857142857,0.0952380952380952
REFITT_Filter,ZTF20aaupolv,Type Ia,0.4285714285714285,0.1904761904761904,0.2857142857142857,0.0952380952380952
REFITT_Filter,ZTF20aatvdwr,Type Ib/c,0.0476190476190476,0.0476190476190476,0.9047619047619048,0.0
REFITT_Filter,ZTF20aasitrr,Type Ia,0.9047619047619048,0.0,0.0952380952380952,0.0
REFITT_Filter,ZTF20abeeyrn,SLSN,0.2857142857142857,0.0,0.0,0.7142857142857143
REFITT_Filter,ZTF20abcvmfm,Type Ia,0.8571428571428571,0.1428571428571428,0.0,0.0
REFITT_Filter,ZTF20abfbvma,Type Ib/c,0.2857142857142857,0.1904761904761904,0.3809523809523809,0.1428571428571428
REFITT_Filter,ZTF20aazhydv,Type II,0.0952380952380952,0.4761904761904761,0.4285714285714285,0.0
REFITT_Filter,ZTF20abdyfwr,Type Ib/c,0.238095238095238,0.1428571428571428,0.6190476190476191,0.0
REFITT_Filter,ZTF20abbvcjt,Type Ia,0.8571428571428571,0.1428571428571428,0.0,0.0
REFITT_Filter,ZTF20abbfpyh,Type Ia,0.6190476190476191,0.0,0.0476190476190476,0.3333333333333333
REFITT_Filter,ZTF20abcogjp,Type Ia,0.7619047619047619,0.238095238095238,0.0,0.0
REFITT_Filter,ZTF20aavkomc,Type Ib/c,0.1904761904761904,0.1904761904761904,0.6190476190476191,0.0
REFITT_Filter,ZTF20abafgpy,Type Ia,0.9523809523809524,0.0476190476190476,0.0,0.0
REFITT_Filter,ZTF20aawyglg,Type II,0.0952380952380952,0.8571428571428571,0.0476190476190476,0.0
REFITT_Filter,ZTF20abdtoft,Type Ib/c,0.238095238095238,0.1428571428571428,0.5714285714285714,0.0476190476190476
REFITT_Filter,ZTF20abbgomy,Type Ia,0.7142857142857143,0.1904761904761904,0.0952380952380952,0.0
REFITT_Filter,ZTF20ababfpj,Type Ia,0.7142857142857143,0.2857142857142857,0.0,0.0
REFITT_Filter,ZTF20abbelzu,Type Ia,0.7142857142857143,0.2857142857142857,0.0,0.0
REFITT_Filter,ZTF20aazozsq,Type Ia,0.6666666666666666,0.1428571428571428,0.0952380952380952,0.0952380952380952
REFITT_Filter,ZTF20abafcwo,Type Ib/c,0.238095238095238,0.0,0.7142857142857143,0.0476190476190476
REFITT_Filter,ZTF20abdrjii,SLSN,0.0476190476190476,0.0952380952380952,0.0,0.8571428571428571
REFITT_Filter,ZTF20aaxcxin,Type Ib/c,0.1904761904761904,0.1428571428571428,0.6666666666666666,0.0
REFITT_Filter,ZTF20aawwcgb,Type Ia,0.9047619047619048,0.0952380952380952,0.0,0.0
REFITT_Filter,ZTF20aasctts,Type Ia,0.7142857142857143,0.0,0.0,0.2857142857142857
REFITT_Filter,ZTF20aawnwxo,Type Ib/c,0.3333333333333333,0.2857142857142857,0.3809523809523809,0.0
REFITT_Filter,ZTF20aattrld,Type Ib/c,0.1428571428571428,0.0476190476190476,0.8095238095238095,0.0
REFITT_Filter,ZTF20aazofxz,Type Ia,0.4761904761904761,0.1904761904761904,0.3333333333333333,0.0
REFITT_Filter,ZTF20aavtmln,Type Ib/c,0.1904761904761904,0.1904761904761904,0.6190476190476191,0.0
REFITT_Filter,ZTF20aayxcyn,Type Ia,0.8571428571428571,0.1428571428571428,0.0,0.0
REFITT_Filter,ZTF20aattoch,Type Ia,0.9047619047619048,0.0,0.0,0.0952380952380952
REFITT_Filter,ZTF20aaryvhi,Type II,0.0476190476190476,0.9047619047619048,0.0476190476190476,0.0
REFITT_Filter,ZTF20aauqwzc,Type Ib/c,0.238095238095238,0.1428571428571428,0.6190476190476191,0.0
REFITT_Filter,ZTF20aaqvzko,Type Ia,1.0,0.0,0.0,0.0
REFITT_Filter,ZTF20aayfjxt,Type Ib/c,0.2857142857142857,0.0476190476190476,0.4761904761904761,0.1904761904761904
REFITT_Filter,ZTF20aaqshoz,Type Ia,0.9523809523809524,0.0,0.0,0.0476190476190476
REFITT_Filter,ZTF20aauomdt,Type Ia,0.9523809523809524,0.0476190476190476,0.0,0.0
REFITT_Filter,ZTF20aamoeyv,Type II,0.0952380952380952,0.8095238095238095,0.0952380952380952,0.0
REFITT_Filter,ZTF20aavqcnp,Type Ib/c,0.3809523809523809,0.0476190476190476,0.4285714285714285,0.1428571428571428
REFITT_Filter,ZTF20aatunbk,Type Ib/c,0.0476190476190476,0.0,0.9523809523809524,0.0
REFITT_Filter,ZTF20aaxkpwj,Type Ia,0.6190476190476191,0.2857142857142857,0.0952380952380952,0.0
REFITT_Filter,ZTF20aattriw,Type Ib/c,0.0476190476190476,0.0,0.9523809523809524,0.0
REFITT_Filter,ZTF20aaurgsj,Type Ib/c,0.238095238095238,0.0,0.7619047619047619,0.0
REFITT_Filter,ZTF20aattotq,Type Ib/c,0.0476190476190476,0.0476190476190476,0.9047619047619048,0.0
REFITT_Filter,ZTF20aavnmbz,Type Ia,0.5238095238095238,0.0,0.4285714285714285,0.0476190476190476
REFITT_Filter,ZTF20aavzmox,Type Ia,0.2857142857142857,0.1904761904761904,0.238095238095238,0.2857142857142857
REFITT_Filter,ZTF20aauwhfa,Type II,0.0476190476190476,0.9523809523809524,0.0,0.0
REFITT_Filter,ZTF20aauqtpy,Type Ib/c,0.0,0.1428571428571428,0.8571428571428571,0.0
REFITT_Filter,ZTF20aahcxdw,Type II,0.0476190476190476,0.8571428571428571,0.0952380952380952,0.0
REFITT_Filter,ZTF20aahsbsb,Type II,0.0476190476190476,0.7142857142857143,0.238095238095238,0.0
REFITT_Filter,ZTF20aagikvv,SLSN,0.0476190476190476,0.0476190476190476,0.0,0.9047619047619048
REFITT_Filter,ZTF20aascwar,Type Ia,1.0,0.0,0.0,0.0
REFITT_Filter,ZTF20aauwgnw,Type Ia,0.5714285714285714,0.3333333333333333,0.0952380952380952,0.0
REFITT_Filter,ZTF20aandvdv,Type Ib/c,0.0476190476190476,0.0476190476190476,0.8095238095238095,0.0952380952380952
REFITT_Filter,ZTF20aattqbi,Type II,0.1428571428571428,0.8095238095238095,0.0476190476190476,0.0
REFITT_Filter,ZTF20aatuqps,Type Ib/c,0.0952380952380952,0.1428571428571428,0.7619047619047619,0.0
REFITT_Filter,ZTF20aaemtgw,Type Ia,1.0,0.0,0.0,0.0
REFITT_Filter,ZTF20aatupwl,Type Ib/c,0.1428571428571428,0.0,0.8571428571428571,0.0
REFITT_Filter,ZTF20aaetxmt,Type II,0.0952380952380952,0.8571428571428571,0.0476190476190476,0.0
REFITT_Filter,ZTF20aarebei,SLSN,0.0476190476190476,0.0,0.0,0.9523809523809524
REFITT_Filter,ZTF20aajhopq,Type Ia,0.5714285714285714,0.0476190476190476,0.0,0.3809523809523809
REFITT_Filter,ZTF20aajvwfh,Type Ia,0.7142857142857143,0.0,0.0,0.2857142857142857
REFITT_Filter,ZTF20aahrxgw,Type Ib/c,0.1428571428571428,0.2857142857142857,0.4761904761904761,0.0952380952380952
REFITT_Filter,ZTF20aagryod,Type Ia,0.5714285714285714,0.238095238095238,0.1428571428571428,0.0476190476190476
REFITT_Filter,ZTF19acykqdk,SLSN,0.238095238095238,0.1428571428571428,0.1904761904761904,0.4285714285714285
REFITT_Filter,ZTF20aagnbfh,Type Ib/c,0.1904761904761904,0.3809523809523809,0.4285714285714285,0.0
REFITT_Filter,ZTF19acbvpjn,Type Ib/c,0.1428571428571428,0.0476190476190476,0.8095238095238095,0.0
REFITT_Filter,ZTF20aakwcfh,SLSN,0.0476190476190476,0.0952380952380952,0.0,0.8571428571428571
REFITT_Filter,ZTF19acylgic,Type Ib/c,0.0,0.0,1.0,0.0
REFITT_Filter,ZTF19acecluy,Type Ib/c,0.0,0.4285714285714285,0.5714285714285714,0.0
REFITT_Filter,ZTF19achticg,Type Ib/c,0.1428571428571428,0.1428571428571428,0.7142857142857143,0.0
REFITT_Filter,ZTF19aceckmm,Type II,0.0476190476190476,0.4761904761904761,0.4761904761904761,0.0
REFITT_Filter,ZTF19adcejnq,Type Ib/c,0.1904761904761904,0.0,0.6666666666666666,0.1428571428571428
REFITT_Filter,ZTF20aalixda,SLSN,0.0476190476190476,0.0,0.0,0.9523809523809524
REFITT_Filter,ZTF20aaimmai,Type Ib/c,0.3809523809523809,0.1428571428571428,0.4761904761904761,0.0
REFITT_Filter,ZTF20aakleuu,Type Ia,0.4285714285714285,0.1904761904761904,0.3809523809523809,0.0
REFITT_Filter,ZTF20aalbgef,SLSN,0.0476190476190476,0.1904761904761904,0.0,0.7619047619047619
REFITT_Filter,ZTF20aaghhlf,Type Ib/c,0.0,0.0,1.0,0.0
REFITT_Filter,ZTF19acaqqxo,Type II,0.1904761904761904,0.5238095238095238,0.2857142857142857,0.0
REFITT_Filter,ZTF19acruaaa,Type Ia,0.7142857142857143,0.238095238095238,0.0476190476190476,0.0
REFITT_Filter,ZTF19ackzvdp,Type Ib/c,0.3809523809523809,0.0,0.4285714285714285,0.1904761904761904
REFITT_Filter,ZTF20aaicoup,SLSN,0.1904761904761904,0.0,0.0,0.8095238095238095
REFITT_Filter,ZTF19acabzlw,SLSN,0.0,0.0476190476190476,0.3809523809523809,0.5714285714285714
REFITT_Filter,ZTF19acslqnc,Type Ia,0.5714285714285714,0.0952380952380952,0.3333333333333333,0.0
REFITT_Filter,ZTF19acttpsv,Type Ia,0.5238095238095238,0.238095238095238,0.0,0.238095238095238
REFITT_Filter,ZTF19acttopm,Type Ib/c,0.0952380952380952,0.0952380952380952,0.7142857142857143,0.0952380952380952
REFITT_Filter,ZTF19abxequc,SLSN,0.0,0.0,0.0,1.0
REFITT_Filter,ZTF19acdgwhq,SLSN,0.1904761904761904,0.0476190476190476,0.0,0.7619047619047619
REFITT_Filter,ZTF19acqypbn,Type Ib/c,0.0,0.3809523809523809,0.6190476190476191,0.0
REFITT_Filter,ZTF19achufoh,Type Ib/c,0.0952380952380952,0.2857142857142857,0.6190476190476191,0.0
REFITT_Filter,ZTF19acigqdd,Type Ib/c,0.1904761904761904,0.1428571428571428,0.5714285714285714,0.0952380952380952
REFITT_Filter,ZTF19achbhfc,Type Ia,0.9523809523809524,0.0476190476190476,0.0,0.0
REFITT_Filter,ZTF19abegxob,Type Ib/c,0.0952380952380952,0.1428571428571428,0.7619047619047619,0.0
REFITT_Filter,ZTF19acgkach,SLSN,0.0952380952380952,0.0,0.0,0.9047619047619048
REFITT_Filter,ZTF19acenkuz,Type Ib/c,0.238095238095238,0.2857142857142857,0.4761904761904761,0.0
REFITT_Filter,ZTF19acfwoug,SLSN,0.0,0.1904761904761904,0.0,0.8095238095238095
REFITT_Filter,ZTF19acfsueq,SLSN,0.0476190476190476,0.0,0.0,0.9523809523809524
REFITT_Filter,ZTF19acdhckv,Type Ib/c,0.1428571428571428,0.1428571428571428,0.6190476190476191,0.0952380952380952
REFITT_Filter,ZTF19abulrfa,Type II,0.0476190476190476,0.9047619047619048,0.0476190476190476,0.0
REFITT_Filter,ZTF19abxehgy,Type II,0.0952380952380952,0.8571428571428571,0.0476190476190476,0.0
REFITT_Filter,ZTF19abrrnat,Type Ia,0.8095238095238095,0.0476190476190476,0.0,0.1428571428571428
REFITT_Filter,ZTF19abxvtxk,Type Ib/c,0.0,0.0476190476190476,0.9523809523809524,0.0
REFITT_Filter,ZTF19acbtgnq,Type Ia,0.4285714285714285,0.1904761904761904,0.3809523809523809,0.0
REFITT_Filter,ZTF19acbjedw,Type Ia,0.6666666666666666,0.3333333333333333,0.0,0.0
REFITT_Filter,ZTF19acbtddm,SLSN,0.4761904761904761,0.0,0.0,0.5238095238095238
REFITT_Filter,ZTF19acdcgqm,Type Ib/c,0.1904761904761904,0.0952380952380952,0.6190476190476191,0.0952380952380952
REFITT_Filter,ZTF19acbpzjg,Type Ia,0.5238095238095238,0.0,0.0,0.4761904761904761
REFITT_Filter,ZTF19acbkkkx,Type Ib/c,0.2857142857142857,0.0,0.5238095238095238,0.1904761904761904
REFITT_Filter,ZTF19abrdnty,Type Ia,0.7619047619047619,0.238095238095238,0.0,0.0
REFITT_Filter,ZTF19acarefd,Type II,0.0,0.9523809523809524,0.0476190476190476,0.0
REFITT_Filter,ZTF19abxszaq,Type Ib/c,0.1428571428571428,0.1904761904761904,0.5714285714285714,0.0952380952380952
REFITT_Filter,ZTF19abegxfs,Type II,0.0476190476190476,0.9523809523809524,0.0,0.0
REFITT_Filter,ZTF19abybatq,Type Ib/c,0.3809523809523809,0.0952380952380952,0.4285714285714285,0.0952380952380952
REFITT_Filter,ZTF19abdxvfb,Type II,0.0952380952380952,0.6666666666666666,0.1904761904761904,0.0476190476190476
REFITT_Filter,ZTF19aaywazj,Type II,0.0476190476190476,0.5714285714285714,0.3809523809523809,0.0
REFITT_Filter,ZTF19abynhdh,Type II,0.0,0.9523809523809524,0.0476190476190476,0.0
REFITT_Filter,ZTF19abdkcts,Type II,0.0476190476190476,0.9523809523809524,0.0,0.0
REFITT_Filter,ZTF19abatbei,Type II,0.0,0.8571428571428571,0.1428571428571428,0.0
REFITT_Filter,ZTF19abdkdze,Type II,0.0476190476190476,0.8571428571428571,0.0952380952380952,0.0
REFITT_Filter,ZTF19abqrcty,Type II,0.1428571428571428,0.4285714285714285,0.4285714285714285,0.0
REFITT_Filter,ZTF19ablltbq,Type Ib/c,0.1904761904761904,0.0,0.7619047619047619,0.0476190476190476
REFITT_Filter,ZTF19ablkkzk,Type Ib/c,0.0476190476190476,0.2857142857142857,0.6666666666666666,0.0
REFITT_Filter,ZTF19aaxfnqe,Type Ia,0.7619047619047619,0.238095238095238,0.0,0.0
REFITT_Filter,ZTF19abloocj,Type Ia,0.7619047619047619,0.238095238095238,0.0,0.0
REFITT_Filter,ZTF19aavvuxc,Type II,0.0952380952380952,0.7619047619047619,0.1428571428571428,0.0
REFITT_Filter,ZTF19abjnrnq,Type Ib/c,0.2857142857142857,0.1904761904761904,0.5238095238095238,0.0
REFITT_Filter,ZTF19ablkizm,Type Ia,0.8571428571428571,0.0952380952380952,0.0,0.0476190476190476
REFITT_Filter,ZTF19abqsvue,SLSN,0.0476190476190476,0.0,0.0,0.9523809523809524
REFITT_Filter,ZTF19abgvjaf,Type II,0.1428571428571428,0.5714285714285714,0.2857142857142857,0.0
REFITT_Filter,ZTF19abphpjo,Type II,0.1904761904761904,0.3809523809523809,0.1428571428571428,0.2857142857142857
REFITT_Filter,ZTF19abnmwxd,Type Ib/c,0.2857142857142857,0.1904761904761904,0.4285714285714285,0.0952380952380952
REFITT_Filter,ZTF19abjcghj,SLSN,0.238095238095238,0.0,0.0,0.7619047619047619
REFITT_Filter,ZTF19abowbyy,SLSN,0.1428571428571428,0.1428571428571428,0.0,0.7142857142857143
REFITT_Filter,ZTF19aaydtur,Type II,0.0,1.0,0.0,0.0
REFITT_Filter,ZTF19abgvklt,Type II,0.238095238095238,0.6190476190476191,0.1428571428571428,0.0
REFITT_Filter,ZTF19aarnqzw,Type Ia,1.0,0.0,0.0,0.0
REFITT_Filter,ZTF19abewqfb,Type Ia,0.7142857142857143,0.2857142857142857,0.0,0.0
REFITT_Filter,ZTF19abfmsrl,SLSN,0.238095238095238,0.0952380952380952,0.0,0.6666666666666666
REFITT_Filter,ZTF19abbkdzi,Type II,0.0476190476190476,0.9047619047619048,0.0476190476190476,0.0
REFITT_Filter,ZTF19abalvlr,SLSN,0.0476190476190476,0.0,0.0,0.9523809523809524
REFITT_Filter,ZTF19aaprvar,Type Ib/c,0.3333333333333333,0.0,0.6666666666666666,0.0
REFITT_Filter,ZTF19abbcapb,Type Ia,0.9047619047619048,0.0952380952380952,0.0,0.0
REFITT_Filter,ZTF19aavizot,Type II,0.0952380952380952,0.8571428571428571,0.0476190476190476,0.0
REFITT_Filter,ZTF19aazbzhz,Type Ia,0.7142857142857143,0.1904761904761904,0.0952380952380952,0.0
REFITT_Filter,ZTF19abamqar,Type Ib/c,0.238095238095238,0.0476190476190476,0.7142857142857143,0.0
REFITT_Filter,ZTF19abetzkn,SLSN,0.238095238095238,0.0952380952380952,0.1904761904761904,0.4761904761904761
REFITT_Filter,ZTF19abdqhzt,Type II,0.0,0.9523809523809524,0.0476190476190476,0.0
REFITT_Filter,ZTF19abbwkts,Type Ib/c,0.2857142857142857,0.0,0.6666666666666666,0.0476190476190476
REFITT_Filter,ZTF19abdggdp,Type Ib/c,0.4285714285714285,0.0,0.5238095238095238,0.0476190476190476
REFITT_Filter,ZTF19abcudna,Type Ia,0.3809523809523809,0.1904761904761904,0.3333333333333333,0.0952380952380952
REFITT_Filter,ZTF19abapbwi,Type Ia,0.6190476190476191,0.238095238095238,0.1428571428571428,0.0
REFITT_Filter,ZTF19aalvaxt,Type Ia,0.9523809523809524,0.0476190476190476,0.0,0.0
REFITT_Filter,ZTF19aaqasrq,SLSN,0.238095238095238,0.0,0.3333333333333333,0.4285714285714285
REFITT_Filter,ZTF19aammqyg,Type Ib/c,0.0,0.0476190476190476,0.9523809523809524,0.0
REFITT_Filter,ZTF19aamohrk,Type II,0.0,1.0,0.0,0.0
REFITT_Filter,ZTF19aaqcqkv,Type Ia,1.0,0.0,0.0,0.0
REFITT_Filter,ZTF19aanvhyc,Type II,0.1904761904761904,0.7619047619047619,0.0476190476190476,0.0
REFITT_Filter,ZTF19aatoyno,Type Ia,0.6190476190476191,0.1904761904761904,0.1904761904761904,0.0
REFITT_Filter,ZTF19aamnwqa,Type Ia,0.6666666666666666,0.0476190476190476,0.2857142857142857,0.0
REFITT_Filter,ZTF19aagqkrq,Type II,0.1428571428571428,0.6666666666666666,0.0476190476190476,0.1428571428571428
REFITT_Filter,ZTF19aaohyqj,Type Ia,0.5714285714285714,0.0,0.0476190476190476,0.3809523809523809
REFITT_Filter,ZTF18acwwkyu,Type II,0.1904761904761904,0.3809523809523809,0.3333333333333333,0.0952380952380952
REFITT_Filter,ZTF18acusegd,Type Ia,0.8571428571428571,0.0,0.1428571428571428,0.0
REFITT_Filter,ZTF18acyarki,Type Ib/c,0.0,0.0,1.0,0.0
REFITT_Filter,ZTF18acyybvg,Type II,0.0476190476190476,0.5714285714285714,0.2857142857142857,0.0952380952380952
REFITT_Filter,ZTF18acqpobb,Type Ib/c,0.0,0.0476190476190476,0.9523809523809524,0.0
REFITT_Filter,ZTF18acdwazf,Type Ib/c,0.0,0.0,1.0,0.0
REFITT_Filter,ZTF19aabyhwy,Type Ib/c,0.0476190476190476,0.0,0.8095238095238095,0.1428571428571428
REFITT_Filter,ZTF18acnbfuz,Type II,0.0952380952380952,0.8571428571428571,0.0476190476190476,0.0
REFITT_Filter,ZTF19aabimbg,Type Ib/c,0.1428571428571428,0.0952380952380952,0.7619047619047619,0.0
REFITT_Filter,ZTF18acbwvsp,Type II,0.0476190476190476,0.5714285714285714,0.1428571428571428,0.238095238095238
REFITT_Filter,ZTF18absldfl,Type Ib/c,0.0,0.3333333333333333,0.6666666666666666,0.0
REFITT_Filter,ZTF18acbwabp,Type II,0.0476190476190476,0.9047619047619048,0.0476190476190476,0.0
REFITT_Filter,ZTF18acbwarv,Type Ib/c,0.1428571428571428,0.0476190476190476,0.8095238095238095,0.0
REFITT_Filter,ZTF18absclsr,Type Ib/c,0.0,0.1428571428571428,0.8571428571428571,0.0
REFITT_Filter,ZTF18abktmfz,Type II,0.0,0.7142857142857143,0.2857142857142857,0.0
REFITT_Filter,ZTF18abmdpwe,Type II,0.0,1.0,0.0,0.0
REFITT_Filter,ZTF18abulkrl,Type Ia,0.7142857142857143,0.0,0.0,0.2857142857142857
REFITT_Filter,ZTF18abdpvnd,Type Ia,1.0,0.0,0.0,0.0
REFITT_Filter,ZTF18abucflq,Type Ib/c,0.1904761904761904,0.0952380952380952,0.6190476190476191,0.0952380952380952
REFITT_Filter,ZTF18absmogv,Type Ib/c,0.0,0.4285714285714285,0.5714285714285714,0.0
REFITT_Filter,ZTF18absayvp,Type Ia,0.7142857142857143,0.0,0.0,0.2857142857142857
REFITT_Filter,ZTF18abffyqp,Type Ib/c,0.0,0.0,1.0,0.0
REFITT_Filter,ZTF18abgyjlk,SLSN,0.0476190476190476,0.1904761904761904,0.1428571428571428,0.6190476190476191
REFITT_Filter,ZTF18abmrqmv,Type II,0.1904761904761904,0.7142857142857143,0.0952380952380952,0.0
REFITT_Filter,ZTF18ablskwf,Type Ib/c,0.0952380952380952,0.1428571428571428,0.7619047619047619,0.0
REFITT_Filter,ZTF18abrwwzs,Type II,0.0,0.8571428571428571,0.1428571428571428,0.0
REFITT_Filter,ZTF18abgladq,Type II,0.0476190476190476,0.9523809523809524,0.0,0.0
REFITT_Filter,ZTF18ablvpuj,Type Ia,0.8095238095238095,0.1904761904761904,0.0,0.0
REFITT_Filter,ZTF18abdfaqi,Type Ia,0.7142857142857143,0.0952380952380952,0.0,0.1904761904761904
REFITT_Filter,ZTF18abkihbu,Type Ib/c,0.0952380952380952,0.0952380952380952,0.7619047619047619,0.0476190476190476
BTS,ZTF17aadlxmv,Type Ia,,,,
BTS,ZTF18aahatvc,Type Ia,,,,
BTS,ZTF18aahvndq,Type Ia,,,,
BTS,ZTF18aailmnv,Type Ia,,,,
BTS,ZTF18aaiykoz,Type Ia,,,,
BTS,ZTF18aajpjdi,Type Ia,,,,
BTS,ZTF18aangpkx,Type Ia,,,,
BTS,ZTF18aanygjk,Type Ia,,,,
BTS,ZTF18aapictz,Type Ia,,,,
BTS,ZTF18aaqjovh,Type Ib/c,,,,
BTS,ZTF18aaqkcso,Type Ia,,,,
BTS,ZTF18aaqkdwu,Type II,,,,
BTS,ZTF18aaqkoyr,Type II,,,,
BTS,ZTF18aaqqhis,Type Ia,,,,
BTS,ZTF18aarbaba,Type Ia,,,,
BTS,ZTF18aarbgdn,Type Ia,,,,
BTS,ZTF18aarikzk,Type Ia,,,,
BTS,ZTF18aarlukc,Type Ia,,,,
BTS,ZTF18aarwxum,Type Ia,,,,
BTS,ZTF18aasdted,Type Ia,,,,
BTS,ZTF18aasxvsg,Type II,,,,
BTS,ZTF18aatrkga,Type Ia,,,,
BTS,ZTF18aaumeys,Type Ia,,,,
BTS,ZTF18aavqdyq,Type II,,,,
BTS,ZTF18aavrmlf,Type Ia,,,,
BTS,ZTF18aawpwlf,Type II,,,,
BTS,ZTF18aawyjjq,Type II,,,,
BTS,ZTF18aaxcfbt,Type Ia,,,,
BTS,ZTF18aaxcntm,Type Ia,,,,
BTS,ZTF18aaxdrjn,Type Ia,,,,
BTS,ZTF18aaxmhvk,Type Ia,,,,
BTS,ZTF18aaxsioa,Type Ia,,,,
BTS,ZTF18aaxwjmp,Type Ia,,,,
BTS,ZTF18aaybfsd,Type Ia,,,,
BTS,ZTF18aayjvve,Type Ia,,,,
BTS,ZTF18aayjyub,Type Ia,,,,
BTS,ZTF18aaykjei,Type Ia,,,,
BTS,ZTF18aazblzy,Type Ia,,,,
BTS,ZTF18abauprj,Type Ia,,,,
BTS,ZTF18abbpeqo,Type Ia,,,,
BTS,ZTF18abceakp,Type II,,,,
BTS,ZTF18abcfdzu,Type II,,,,
BTS,ZTF18abcflnz,Type Ia,,,,
BTS,ZTF18abckutn,Type II,,,,
BTS,ZTF18abclfee,Type Ia,,,,
BTS,ZTF18abcptmt,Type II,,,,
BTS,ZTF18abcrxoj,Type Ia,,,,
BTS,ZTF18abdbysy,Type II,,,,
BTS,ZTF18abdcudb,Type Ia,,,,
BTS,ZTF18abdfwur,Type Ia,,,,
BTS,ZTF18abdiwpt,Type Ia,,,,
BTS,ZTF18abdkkwa,Type Ib/c,,,,
BTS,ZTF18abeajml,Type II,,,,
BTS,ZTF18abecbks,Type Ib/c,,,,
BTS,ZTF18abeecwe,Type Ia,,,,
BTS,ZTF18abfgygp,Type Ia,,,,
BTS,ZTF18abfhaji,Type Ia,,,,
BTS,ZTF18abfhryc,Type Ia,,,,
BTS,ZTF18abfzfcv,Type II,,,,
BTS,ZTF18abfzhct,Type Ib/c,,,,
BTS,ZTF18abgmcmv,Type Ia,,,,
BTS,ZTF18abhbqbh,Type Ia,,,,
BTS,ZTF18abimsyv,Type Ia,,,,
BTS,ZTF18abjgyyr,Type Ia,,,,
BTS,ZTF18abjrfqx,Type Ia,,,,
BTS,ZTF18abkhcrj,Type Ia,,,,
BTS,ZTF18abkhcwl,Type Ia,,,,
BTS,ZTF18ablrljh,Type Ia,,,,
BTS,ZTF18abltfho,Type II,,,,
BTS,ZTF18abmwnov,Type Ia,,,,
BTS,ZTF18abmxdhb,Type Ia,,,,
BTS,ZTF18abntsgz,Type Ia,,,,
BTS,ZTF18abokpvh,Type Ia,,,,
BTS,ZTF18abokyfk,Type II,,,,
BTS,ZTF18abpaywm,Type Ia,,,,
BTS,ZTF18abqyvzy,Type II,,,,
BTS,ZTF18abrfccm,Type Ia,,,,
BTS,ZTF18abrqedj,Type Ia,,,,
BTS,ZTF18abvmlow,Type II,,,,
BTS,ZTF18abxbmqh,SLSN,,,,
BTS,ZTF18abxhsyn,Type Ia,,,,
BTS,ZTF18acbvgqw,Type Ia,,,,
BTS,ZTF18acbwaxk,Type II,,,,
BTS,ZTF18acclexy,Type Ia,,,,
BTS,ZTF18accmkud,Type II,,,,
BTS,ZTF18accndxn,Type Ia,,,,
BTS,ZTF18accngee,Type Ia,,,,
BTS,ZTF18accnlji,Type Ia,,,,
BTS,ZTF18accnmri,Type II,,,,
BTS,ZTF18accwjiu,Type Ia,,,,
BTS,ZTF18acdvvgx,Type II,,,,
BTS,ZTF18aceexmi,Type Ia,,,,
BTS,ZTF18acefuhk,Type II,,,,
BTS,ZTF18acefxko,Type Ia,,,,
BTS,ZTF18acemhyb,Type Ia,,,,
BTS,ZTF18aceqrrs,Type Ib/c,,,,
BTS,ZTF18acgvgiq,Type II,,,,
BTS,ZTF18achtnvk,Type II,,,,
BTS,ZTF18acnbeuu,Type Ia,,,,
BTS,ZTF18acnmifq,Type II,,,,
BTS,ZTF18acnnevs,SLSN,,,,
BTS,ZTF18acqqyah,Type Ia,,,,
BTS,ZTF18acqwdla,Type II,,,,
BTS,ZTF18acrknyn,Type Ia,,,,
BTS,ZTF18actuhrs,Type Ia,,,,
BTS,ZTF18acusrws,Type Ia,,,,
BTS,ZTF18acvgjqv,Type II,,,,
BTS,ZTF18acvguyi,Type Ia,,,,
BTS,ZTF18acvwbos,Type Ia,,,,
BTS,ZTF18acvwmpw,Type Ia,,,,
BTS,ZTF18acwwonp,Type Ia,,,,
BTS,ZTF18acybdar,Type Ia,,,,
BTS,ZTF18acyxnyw,SLSN,,,,
BTS,ZTF18aczdetm,Type Ia,,,,
BTS,ZTF18aczeesl,Type Ia,,,,
BTS,ZTF18adaslwa,Type Ia,,,,
BTS,ZTF18adazgdh,Type Ia,,,,
BTS,ZTF18adbmbpa,Type II,,,,
BTS,ZTF19aaadwfi,SLSN,,,,
BTS,ZTF19aaairqh,Type Ia,,,,
BTS,ZTF19aabyheu,Type Ia,,,,
BTS,ZTF19aabyppp,Type Ia,,,,
BTS,ZTF19aabyuze,Type Ia,,,,
BTS,ZTF19aacgslb,Type Ia,,,,
BTS,ZTF19aacivvy,Type Ia,,,,
BTS,ZTF19aacjbsj,Type II,,,,
BTS,ZTF19aadgimr,Type II,,,,
BTS,ZTF19aadnxat,Type Ia,,,,
BTS,ZTF19aadnxog,Type II,,,,
BTS,ZTF19aadolpe,Type Ia,,,,
BTS,ZTF19aadooun,Type Ia,,,,
BTS,ZTF19aaeoqst,Type Ia,,,,
BTS,ZTF19aafljiq,SLSN,,,,
BTS,ZTF19aafmyow,Type Ib/c,,,,
BTS,ZTF19aagmsrr,Type Ia,,,,
BTS,ZTF19aailcgs,Type Ib/c,,,,
BTS,ZTF19aailepg,Type II,,,,
BTS,ZTF19aaillan,Type Ia,,,,
BTS,ZTF19aailltc,Type Ia,,,,
BTS,ZTF19aajxwnz,Type Ia,,,,
BTS,ZTF19aakirwj,Type Ib/c,,,,
BTS,ZTF19aakiwxx,Type Ia,,,,
BTS,ZTF19aakiyed,Type II,,,,
BTS,ZTF19aaknate,Type II,,,,
BTS,ZTF19aakzwao,Type Ia,,,,
BTS,ZTF19aalbrgu,SLSN,,,,
BTS,ZTF19aaloqmd,Type II,,,,
BTS,ZTF19aalouag,Type Ib/c,,,,
BTS,ZTF19aalsnbp,Type II,,,,
BTS,ZTF19aalzmio,Type Ia,,,,
BTS,ZTF19aambfxc,Type Ia,,,,
BTS,ZTF19aamhgwm,Type II,,,,
BTS,ZTF19aamhhae,Type Ia,,,,
BTS,ZTF19aamhhey,Type Ia,,,,
BTS,ZTF19aamhhyo,Type Ia,,,,
BTS,ZTF19aamhmsx,Type II,,,,
BTS,ZTF19aamhqej,Type Ia,,,,
BTS,ZTF19aamljom,Type II,,,,
BTS,ZTF19aamqebl,Type Ia,,,,
BTS,ZTF19aamrais,SLSN,,,,
BTS,ZTF19aamvape,Type II,,,,
BTS,ZTF19aanbojt,Type Ia,,,,
BTS,ZTF19aanbpus,Type II,,,,
BTS,ZTF19aanejfr,Type Ia,,,,
BTS,ZTF19aanetjx,Type Ia,,,,
BTS,ZTF19aanhgqg,Type Ia,,,,
BTS,ZTF19aanhhal,Type II,,,,
BTS,ZTF19aanijpu,Type Ib/c,,,,
BTS,ZTF19aaniore,Type II,,,,
BTS,ZTF19aanircs,Type Ia,,,,
BTS,ZTF19aanlekq,Type II,,,,
BTS,ZTF19aanovps,Type II,,,,
BTS,ZTF19aanramr,Type Ia,,,,
BTS,ZTF19aanrrqu,Type II,,,,
BTS,ZTF19aansyyn,Type Ia,,,,
BTS,ZTF19aanuhox,Type Ia,,,,
BTS,ZTF19aanuipj,Type Ia,,,,
BTS,ZTF19aanuuen,Type Ia,,,,
BTS,ZTF19aanxosu,Type Ia,,,,
BTS,ZTF19aaokist,Type Ia,,,,
BTS,ZTF19aaomkvl,Type Ia,,,,
BTS,ZTF19aaoyech,Type Ia,,,,
BTS,ZTF19aaozpew,Type Ia,,,,
BTS,ZTF19aaozsuh,Type II,,,,
BTS,ZTF19aapafit,Type II,,,,
BTS,ZTF19aapafqd,Type II,,,,
BTS,ZTF19aapbfot,Type II,,,,
BTS,ZTF19aapfnym,Type II,,,,
BTS,ZTF19aapzbjr,Type II,,,,
BTS,ZTF19aaqdkrm,Type II,,,,
BTS,ZTF19aaqxosb,Type II,,,,
BTS,ZTF19aaraxhh,Type Ia,,,,
BTS,ZTF19aarlefl,Type Ia,,,,
BTS,ZTF19aarphwc,SLSN,,,,
BTS,ZTF19aasekcx,Type II,,,,
BTS,ZTF19aatgrpm,Type Ia,,,,
BTS,ZTF19aatgwhs,Type Ia,,,,
BTS,ZTF19aatgxjy,Type II,,,,
BTS,ZTF19aathcvn,Type Ia,,,,
BTS,ZTF19aatheus,Type Ib/c,,,,
BTS,ZTF19aathllr,Type II,,,,
BTS,ZTF19aatlmbo,Type Ia,,,,
BTS,ZTF19aatlqdf,Type II,,,,
BTS,ZTF19aaugaam,Type II,,,,
BTS,ZTF19aauishy,Type II,,,,
BTS,ZTF19aaujzqh,Type Ia,,,,
BTS,ZTF19aaumvig,Type Ia,,,,
BTS,ZTF19aauqwna,Type II,,,,
BTS,ZTF19aaurhox,Type Ia,,,,
BTS,ZTF19aauxxgk,Type II,,,,
BTS,ZTF19aavbjfp,Type II,,,,
BTS,ZTF19aavhblr,Type II,,,,
BTS,ZTF19aavhxby,Type Ia,,,,
BTS,ZTF19aavhzsc,Type Ia,,,,
BTS,ZTF19aavidqf,Type Ia,,,,
BTS,ZTF19aavissk,Type Ia,,,,
BTS,ZTF19aavitlq,Type Ia,,,,
BTS,ZTF19aavjukt,Type II,,,,
BTS,ZTF19aavjzrz,Type II,,,,
BTS,ZTF19aavnwxf,Type Ia,,,,
BTS,ZTF19aavrswr,Type Ia,,,,
BTS,ZTF19aavsyhq,Type Ia,,,,
BTS,ZTF19aawfbtg,SLSN,,,,
BTS,ZTF19aawfcgp,Type Ia,,,,
BTS,ZTF19aawgxdn,Type II,,,,
BTS,ZTF19aawmkja,Type Ia,,,,
BTS,ZTF19aawqckx,Type Ia,,,,
BTS,ZTF19aawrumx,Type Ia,,,,
BTS,ZTF19aawsdlq,Type II,,,,
BTS,ZTF19aaxffum,Type Ia,,,,
BTS,ZTF19aaxfzao,Type Ia,,,,
BTS,ZTF19aaxqsbn,Type Ia,,,,
BTS,ZTF19aaycomi,Type Ia,,,,
BTS,ZTF19aayfaum,Type Ia,,,,
BTS,ZTF19aayqait,Type Ia,,,,
BTS,ZTF19aayrosj,Type II,,,,
BTS,ZTF19aayveer,Type Ia,,,,
BTS,ZTF19aayvylv,Type Ia,,,,
BTS,ZTF19aazfvhh,Type II,,,,
BTS,ZTF19aazyvub,Type II,,,,
BTS,ZTF19abacxod,Type II,,,,
BTS,ZTF19abadskf,Type Ia,,,,
BTS,ZTF19abaejto,Type Ia,,,,
BTS,ZTF19abajxet,Type II,,,,
BTS,ZTF19abaosan,Type Ia,,,,
BTS,ZTF19abasxkg,Type Ia,,,,
BTS,ZTF19abauylg,Type Ib/c,,,,
BTS,ZTF19abbnamr,Type II,,,,
BTS,ZTF19abbvzgr,Type Ia,,,,
BTS,ZTF19abbwfgp,Type II,,,,
BTS,ZTF19abbxykm,Type II,,,,
BTS,ZTF19abcegvm,Type Ib/c,,,,
BTS,ZTF19abcejsg,Type II,,,,
BTS,ZTF19abcttsc,Type Ia,,,,
BTS,ZTF19abctxhf,Type II,,,,
BTS,ZTF19abcvrpm,Type Ia,,,,
BTS,ZTF19abdkgns,Type Ia,,,,
BTS,ZTF19abdkgwo,Type II,,,,
BTS,ZTF19abdoznh,Type Ia,,,,
BTS,ZTF19abdrwsz,Type Ia,,,,
BTS,ZTF19abdviwl,Type II,,,,
BTS,ZTF19abdyawn,Type Ia,,,,
BTS,ZTF19abdzehg,Type Ia,,,,
BTS,ZTF19abecaca,Type II,,,,
BTS,ZTF19abeloei,Type Ia,,,,
BTS,ZTF19abfibel,Type Ia,,,,
BTS,ZTF19abfvnns,SLSN,,,,
BTS,ZTF19abfwtkw,Type Ia,,,,
BTS,ZTF19abgfrbl,Type Ia,,,,
BTS,ZTF19abglmpf,Type Ia,,,,
BTS,ZTF19abgmkef,Type II,,,,
BTS,ZTF19abgncfz,Type II,,,,
BTS,ZTF19abgndlf,Type II,,,,
BTS,ZTF19abgnuri,Type Ia,,,,
BTS,ZTF19abgpgyp,Type II,,,,
BTS,ZTF19abgrcxs,Type Ia,,,,
BTS,ZTF19abheamc,Type Ia,,,,
BTS,ZTF19abhphah,Type Ia,,,,
BTS,ZTF19abhzdjp,Type Ia,,,,
BTS,ZTF19abhzelh,Type Ia,,,,
BTS,ZTF19abhztqq,Type Ia,,,,
BTS,ZTF19abiietd,Type II,,,,
BTS,ZTF19abimkwn,Type Ia,,,,
BTS,ZTF19abimlck,Type Ia,,,,
BTS,ZTF19abimzvh,Type Ia,,,,
BTS,ZTF19abinjcy,Type Ia,,,,
BTS,ZTF19abiqfxi,Type II,,,,
BTS,ZTF19abitbcj,Type Ia,,,,
BTS,ZTF19abjibet,Type Ia,,,,
BTS,ZTF19abjpntj,Type II,,,,
BTS,ZTF19abjsmmv,Type II,,,,
BTS,ZTF19abkdehm,Type Ia,,,,
BTS,ZTF19abkfqqp,Type II,,,,
BTS,ZTF19ablesob,Type Ib/c,,,,
BTS,ZTF19ablfdwt,Type II,,,,
BTS,ZTF19ablovot,Type Ia,,,,
BTS,ZTF19ablpfhz,Type Ia,,,,
BTS,ZTF19ablusdf,Type Ia,,,,
BTS,ZTF19abmolyr,Type Ia,,,,
BTS,ZTF19abmylxw,Type Ia,,,,
BTS,ZTF19abnacvf,SLSN,,,,
BTS,ZTF19abnimpq,Type Ia,,,,
BTS,ZTF19abopflp,Type Ia,,,,
BTS,ZTF19abowcic,Type Ia,,,,
BTS,ZTF19aboxjlj,Type Ia,,,,
BTS,ZTF19abpbopt,SLSN,,,,
BTS,ZTF19abplfxs,Type Ia,,,,
BTS,ZTF19abpvbzf,SLSN,,,,
BTS,ZTF19abpyqog,Type II,,,,
BTS,ZTF19abpzuzd,Type Ia,,,,
BTS,ZTF19abqanpy,Type Ia,,,,
BTS,ZTF19abqgtqo,Type II,,,,
BTS,ZTF19abqhobb,Type II,,,,
BTS,ZTF19abqmpsr,Type Ia,,,,
BTS,ZTF19abqrhvt,Type II,,,,
BTS,ZTF19abqrhvy,Type II,,,,
BTS,ZTF19abqrrto,Type Ia,,,,
BTS,ZTF19abqviuy,Type Ia,,,,
BTS,ZTF19abqwtfu,Type Ib/c,,,,
BTS,ZTF19abqxibq,Type Ib/c,,,,
BTS,ZTF19abqykei,Type II,,,,
BTS,ZTF19abqyoxj,Type II,,,,
BTS,ZTF19abqyoxt,Type II,,,,
BTS,ZTF19abqysic,Type Ia,,,,
BTS,ZTF19abrbmvt,Type II,,,,
BTS,ZTF19abrcvzz,Type Ia,,,,
BTS,ZTF19abrlvij,Type II,,,,
BTS,ZTF19abrogbl,Type Ia,,,,
BTS,ZTF19abtcapa,Type Ia,,,,
BTS,ZTF19abtnftd,Type Ia,,,,
BTS,ZTF19abtsnyy,Type Ib/c,,,,
BTS,ZTF19abtsrup,Type Ia,,,,
BTS,ZTF19abuayqg,Type Ia,,,,
BTS,ZTF19abudlps,Type II,,,,
BTS,ZTF19abueupg,Type II,,,,
BTS,ZTF19abuhlxk,Type Ia,,,,
BTS,ZTF19abujhgm,Type Ia,,,,
BTS,ZTF19abukakm,Type II,,,,
BTS,ZTF19abulzhy,Type II,,,,
BTS,ZTF19abulzlj,Type Ia,,,,
BTS,ZTF19abupned,Type Ib/c,,,,
BTS,ZTF19abuzinv,Type II,,,,
BTS,ZTF19abvdgqo,Type Ib/c,,,,
BTS,ZTF19abvhduf,Type Ia,,,,
BTS,ZTF19abvhkst,Type Ia,,,,
BTS,ZTF19abwamby,Type II,,,,
BTS,ZTF19abwaohs,Type Ia,,,,
BTS,ZTF19abwouqp,Type Ia,,,,
BTS,ZTF19abwsagv,Type II,,,,
BTS,ZTF19abwztsb,Type II,,,,
BTS,ZTF19abxfunp,Type Ia,,,,
BTS,ZTF19abxjimu,Type Ia,,,,
BTS,ZTF19abxjrge,Type II,,,,
BTS,ZTF19abxnycf,Type II,,,,
BTS,ZTF19abxtcio,Type II,,,,
BTS,ZTF19abxtdgh,Type Ia,,,,
BTS,ZTF19abxvtmn,Type II,,,,
BTS,ZTF19abyflzw,Type Ia,,,,
BTS,ZTF19abyikbv,Type Ia,,,,
BTS,ZTF19abyjjxp,Type Ia,,,,
BTS,ZTF19abzlmwn,Type Ia,,,,
BTS,ZTF19abzlsbl,Type Ia,,,,
BTS,ZTF19abzplvm,Type Ia,,,,
BTS,ZTF19abzrdup,Type II,,,,
BTS,ZTF19abzsitm,Type Ia,,,,
BTS,ZTF19abztknu,Type Ib/c,,,,
BTS,ZTF19abzulhk,Type Ia,,,,
BTS,ZTF19abzzhgx,Type Ia,,,,
BTS,ZTF19acanzwg,Type II,,,,
BTS,ZTF19acapech,Type II,,,,
BTS,ZTF19acapeun,Type Ia,,,,
BTS,ZTF19acaxcwg,Type Ia,,,,
BTS,ZTF19acazaug,Type Ia,,,,
BTS,ZTF19acazbqm,Type Ia,,,,
BTS,ZTF19acbhvgi,Type II,,,,
BTS,ZTF19acbiwjk,Type Ia,,,,
BTS,ZTF19acbonaa,SLSN,,,,
BTS,ZTF19acbpzir,Type Ia,,,,
BTS,ZTF19acbqzvu,Type Ia,,,,
BTS,ZTF19acbrzzr,Type II,,,,
BTS,ZTF19acbvisk,Type II,,,,
BTS,ZTF19acbwejj,Type II,,,,
BTS,ZTF19acbwouf,Type II,,,,
BTS,ZTF19accbeju,Type II,,,,
BTS,ZTF19acchaza,Type II,,,,
BTS,ZTF19acchink,Type Ia,,,,
BTS,ZTF19acchtyp,Type Ia,,,,
BTS,ZTF19acctwpz,Type II,,,,
BTS,ZTF19acdsqir,Type Ia,,,,
BTS,ZTF19acdxlns,Type Ia,,,,
BTS,ZTF19aceqlxc,Type II,,,,
BTS,ZTF19acetxvq,Type Ia,,,,
BTS,ZTF19aceuacu,Type Ia,,,,
BTS,ZTF19acewotx,Type Ia,,,,
BTS,ZTF19acewuwn,Type II,,,,
BTS,ZTF19acexijn,Type Ia,,,,
BTS,ZTF19acfsqjx,Type Ia,,,,
BTS,ZTF19acftfav,Type II,,,,
BTS,ZTF19acftude,Type II,,,,
BTS,ZTF19acgbkzr,Type II,,,,
BTS,ZTF19acgbzam,Type Ia,,,,
BTS,ZTF19acgjnfz,Type Ia,,,,
BTS,ZTF19acgjosf,Type Ia,,,,
BTS,ZTF19acgjpgh,SLSN,,,,
BTS,ZTF19acgmkrt,Type Ia,,,,
BTS,ZTF19acgqjln,Type Ia,,,,
BTS,ZTF19achajnc,Type Ia,,,,
BTS,ZTF19acignlo,Type II,,,,
BTS,ZTF19acihgng,Type Ia,,,,
BTS,ZTF19acjuomg,Type Ia,,,,
BTS,ZTF19acjwqvo,Type Ia,,,,
BTS,ZTF19ackjjwf,Type Ib/c,,,,
BTS,ZTF19ackjrru,SLSN,,,,
BTS,ZTF19aclobbu,Type II,,,,
BTS,ZTF19aclofmz,Type Ia,,,,
BTS,ZTF19aclthzj,Type Ia,,,,
BTS,ZTF19acmbhvv,Type Ia,,,,
BTS,ZTF19acmbiad,Type Ia,,,,
BTS,ZTF19acmgyka,Type Ia,,,,
BTS,ZTF19acnfjyw,Type Ia,,,,
BTS,ZTF19acnjwgm,Type Ia,,,,
BTS,ZTF19acnkeji,Type Ia,,,,
BTS,ZTF19acoaoty,Type Ia,,,,
BTS,ZTF19acojuzv,Type Ia,,,,
BTS,ZTF19acojxzo,Type Ia,,,,
BTS,ZTF19acqypso,Type Ia,,,,
BTS,ZTF19acrcxri,Type II,,,,
BTS,ZTF19acrdqej,Type Ia,,,,
BTS,ZTF19acryurj,Type II,,,,
BTS,ZTF19actldas,Type Ia,,,,
BTS,ZTF19actnwtn,Type II,,,,
BTS,ZTF19actnyae,Type II,,,,
BTS,ZTF19acvrigb,Type Ia,,,,
BTS,ZTF19acvrjzd,Type II,,,,
BTS,ZTF19acvwllm,Type Ia,,,,
BTS,ZTF19acwrrvg,Type II,,,,
BTS,ZTF19acxndsk,Type Ia,,,,
BTS,ZTF19acxnemy,Type Ia,,,,
BTS,ZTF19acxowrr,Type II,,,,
BTS,ZTF19acxphhl,Type Ia,,,,
BTS,ZTF19acxyfkf,Type Ia,,,,
BTS,ZTF19acxyumq,Type Ia,,,,
BTS,ZTF19acyfakk,Type Ia,,,,
BTS,ZTF19acygjmg,Type Ia,,,,
BTS,ZTF19acyjviz,Type II,,,,
BTS,ZTF19acyjysk,Type II,,,,
BTS,ZTF19acynije,Type Ia,,,,
BTS,ZTF19acyogrm,Type Ib/c,,,,
BTS,ZTF19acyqwlm,Type Ia,,,,
BTS,ZTF19acytcsg,Type II,,,,
BTS,ZTF19acytidb,Type Ia,,,,
BTS,ZTF19aczllns,Type Ia,,,,
BTS,ZTF19adaivcf,SLSN,,,,
BTS,ZTF19adajqcq,Type Ia,,,,
BTS,ZTF19adajqwl,Type Ia,,,,
BTS,ZTF19adavzew,Type II,,,,
BTS,ZTF19adbnlki,Type Ia,,,,
BTS,ZTF19adbricc,Type Ia,,,,
BTS,ZTF19adccrca,Type II,,,,
BTS,ZTF19adcdgca,Type Ia,,,,
BTS,ZTF19adcdtkw,Type Ia,,,,
BTS,ZTF19adcecwu,Type Ia,,,,
BTS,ZTF19adcfsoc,SLSN,,,,
BTS,ZTF20aaaddgy,Type II,,,,
BTS,ZTF20aaavvlv,Type Ia,,,,
BTS,ZTF20aaawmxq,Type Ia,,,,
BTS,ZTF20aaaxacu,Type Ia,,,,
BTS,ZTF20aaaxrad,Type Ia,,,,
BTS,ZTF20aaayaet,Type Ia,,,,
BTS,ZTF20aabqdbo,Type Ia,,,,
BTS,ZTF20aabqiav,Type II,,,,
BTS,ZTF20aabqisb,Type Ia,,,,
BTS,ZTF20aabqjht,Type Ia,,,,
BTS,ZTF20aacbtgq,Type Ia,,,,
BTS,ZTF20aacbyec,Type II,,,,
BTS,ZTF20aacevxq,Type Ia,,,,
BTS,ZTF20aadcdzj,Type Ia,,,,
BTS,ZTF20aadchdd,Type II,,,,
BTS,ZTF20aadcitq,Type Ia,,,,
BTS,ZTF20aadfyjl,Type Ia,,,,
BTS,ZTF20aadtarr,Type II,,,,
BTS,ZTF20aadvaoi,Type Ia,,,,
BTS,ZTF20aadvunl,Type Ia,,,,
BTS,ZTF20aadxrvb,Type II,,,,
BTS,ZTF20aadyukn,Type Ia,,,,
BTS,ZTF20aadyyvk,Type II,,,,
BTS,ZTF20aaelulu,Type Ib/c,,,,
BTS,ZTF20aaeoqqd,Type II,,,,
BTS,ZTF20aaerxsd,Type Ia,,,,
BTS,ZTF20aaetrle,Type II,,,,
BTS,ZTF20aaeuxqk,Type Ia,,,,
BTS,ZTF20aaevbvv,Type Ia,,,,
BTS,ZTF20aafcgca,Type Ia,,,,
BTS,ZTF20aafciit,Type Ia,,,,
BTS,ZTF20aafcjln,Type Ia,,,,
BTS,ZTF20aafckit,Type II,,,,
BTS,ZTF20aafclqz,Type II,,,,
BTS,ZTF20aafclxb,Type II,,,,
BTS,ZTF20aafcnem,Type Ia,,,,
BTS,ZTF20aafjjqj,Type Ia,,,,
BTS,ZTF20aaflaug,Type Ia,,,,
BTS,ZTF20aafrihv,Type Ia,,,,
BTS,ZTF20aafrjqw,Type Ia,,,,
BTS,ZTF20aafsnpp,Type Ia,,,,
BTS,ZTF20aafvzhu,Type Ia,,,,
BTS,ZTF20aaghlkv,Type Ia,,,,
BTS,ZTF20aaghnxd,Type Ia,,,,
BTS,ZTF20aaghpdc,Type Ia,,,,
BTS,ZTF20aagloch,Type Ia,,,,
BTS,ZTF20aahbamv,Type II,,,,
BTS,ZTF20aahdwze,Type Ia,,,,
BTS,ZTF20aahfobk,Type Ia,,,,
BTS,ZTF20aahgejq,Type II,,,,
BTS,ZTF20aahkgcz,Type Ia,,,,
BTS,ZTF20aahptds,Type Ia,,,,
BTS,ZTF20aahpwym,Type Ia,,,,
BTS,ZTF20aahqbsr,Type II,,,,
BTS,ZTF20aahqbun,Type II,,,,
BTS,ZTF20aahqcup,Type Ia,,,,
BTS,ZTF20aahzyep,Type Ia,,,,
BTS,ZTF20aaichor,Type Ia,,,,
BTS,ZTF20aaifybu,SLSN,,,,
BTS,ZTF20aaifzfk,Type II,,,,
BTS,ZTF20aairvsi,Type Ia,,,,
BTS,ZTF20aajbsxt,Type Ia,,,,
BTS,ZTF20aajcdad,Type Ib/c,,,,
BTS,ZTF20aakbtyz,Type Ia,,,,
BTS,ZTF20aakodiq,Type Ia,,,,
BTS,ZTF20aakyoez,Type Ia,,,,
BTS,ZTF20aaljgcp,Type Ia,,,,
BTS,ZTF20aalrksw,Type Ia,,,,
BTS,ZTF20aalrqbu,Type Ib/c,,,,
BTS,ZTF20aalxlis,Type Ib/c,,,,
BTS,ZTF20aamaqak,Type Ia,,,,
BTS,ZTF20aamazzl,Type II,,,,
BTS,ZTF20aambbfn,Type Ia,,,,
BTS,ZTF20aamdsjv,Type Ia,,,,
BTS,ZTF20aamdyal,Type Ia,,,,
BTS,ZTF20aamfpcj,Type Ia,,,,
BTS,ZTF20aamgdkb,Type Ia,,,,
BTS,ZTF20aammhli,Type Ia,,,,
BTS,ZTF20aammnnm,Type Ia,,,,
BTS,ZTF20aamnvij,Type Ia,,,,
BTS,ZTF20aamqmhj,Type Ib/c,,,,
BTS,ZTF20aamqslk,Type Ia,,,,
BTS,ZTF20aamsjws,Type Ia,,,,
BTS,ZTF20aandwrl,Type Ia,,,,
BTS,ZTF20aanvqbi,Type II,,,,
BTS,ZTF20aanvsds,Type Ia,,,,
BTS,ZTF20aaodkvl,Type Ia,,,,
BTS,ZTF20aaoldej,Type II,,,,
BTS,ZTF20aaowuim,Type Ia,,,,
BTS,ZTF20aapchqy,Type II,,,,
BTS,ZTF20aapycrh,Type II,,,,
BTS,ZTF20aasiwcu,Type Ia,,,,
BTS,ZTF20aatqesi,Type II,,,,
BTS,ZTF20aatqidk,Type II,,,,
BTS,ZTF20aattqle,Type II,,,,
BTS,ZTF20aattyuz,SLSN,,,,
BTS,ZTF20aattztb,Type II,,,,
BTS,ZTF20aatulug,Type Ia,,,,
BTS,ZTF20aatzhhl,Type II,,,,
BTS,ZTF20aatzwgk,Type Ia,,,,
BTS,ZTF20aaumsrr,Type Ia,,,,
BTS,ZTF20aauoktk,Type II,,,,
BTS,ZTF20aauombk,Type Ia,,,,
BTS,ZTF20aauowam,Type Ia,,,,
BTS,ZTF20aauqhka,Type II,,,,
BTS,ZTF20aaurexl,Type Ib/c,,,,
BTS,ZTF20aaurfcm,Type Ia,,,,
BTS,ZTF20aaurfhs,Type II,,,,
BTS,ZTF20aaurfwa,Type II,,,,
BTS,ZTF20aaurgib,Type II,,,,
BTS,ZTF20aaurhio,Type Ia,,,,
BTS,ZTF20aaurjbj,Type II,,,,
BTS,ZTF20aaurknv,Type Ia,,,,
BTS,ZTF20aautzif,Type Ia,,,,
BTS,ZTF20aauvjws,Type II,,,,
BTS,ZTF20aauvmix,Type Ia,,,,
BTS,ZTF20aauwhyi,Type Ia,,,,
BTS,ZTF20aauwjmw,Type Ia,,,,
BTS,ZTF20aavcvrm,Type Ib/c,,,,
BTS,ZTF20aavdcxo,Type II,,,,
BTS,ZTF20aavdgib,Type Ia,,,,
BTS,ZTF20aavfwdo,Type Ia,,,,
BTS,ZTF20aavhixe,Type II,,,,
BTS,ZTF20aavhyel,Type Ib/c,,,,
BTS,ZTF20aavnnat,Type Ia,,,,
BTS,ZTF20aavnnkm,Type Ia,,,,
BTS,ZTF20aavnnqo,Type Ia,,,,
BTS,ZTF20aavnnzx,Type Ia,,,,
BTS,ZTF20aavpnlv,Type Ia,,,,
BTS,ZTF20aavptjf,Type II,,,,
BTS,ZTF20aavpyxo,Type II,,,,
BTS,ZTF20aavrkxw,Type Ia,,,,
BTS,ZTF20aavrloz,Type Ia,,,,
BTS,ZTF20aavrukn,Type Ia,,,,
BTS,ZTF20aavrzha,Type Ia,,,,
BTS,ZTF20aavvaup,Type II,,,,
BTS,ZTF20aavzffg,Type Ib/c,,,,
BTS,ZTF20aavzlxm,Type Ia,,,,
BTS,ZTF20aawgrcu,Type II,,,,
BTS,ZTF20aawijco,Type II,,,,
BTS,ZTF20aawmlfq,Type Ia,,,,
BTS,ZTF20aawoojh,Type Ia,,,,
BTS,ZTF20aawqywr,Type Ia,,,,
BTS,ZTF20aaxccrm,Type Ia,,,,
BTS,ZTF20aaxmtxg,Type Ia,,,,
BTS,ZTF20aaxndzx,Type Ia,,,,
BTS,ZTF20aaxunbm,Type II,,,,
BTS,ZTF20aaxuwuh,Type Ia,,,,
BTS,ZTF20aaxxcms,Type Ia,,,,
BTS,ZTF20aaybvye,Type Ia,,,,
BTS,ZTF20aayjxdv,Type Ia,,,,
BTS,ZTF20aayjyhp,Type Ia,,,,
BTS,ZTF20aaynrrh,Type II,,,,
BTS,ZTF20aayprqz,SLSN,,,,
BTS,ZTF20aayvubx,Type Ia,,,,
BTS,ZTF20aayvymx,Type Ia,,,,
BTS,ZTF20aayxdse,Type II,,,,
BTS,ZTF20aayxldg,Type Ia,,,,
BTS,ZTF20aazdsjr,Type Ia,,,,
BTS,ZTF20aazdsty,Type Ia,,,,
BTS,ZTF20aazhtvi,Type Ia,,,,
BTS,ZTF20aaznpor,Type Ia,,,,
BTS,ZTF20aazooyu,Type Ia,,,,
BTS,ZTF20aazoqmh,Type Ia,,,,
BTS,ZTF20aazpaki,Type Ia,,,,
BTS,ZTF20aazpwen,Type Ia,,,,
BTS,ZTF20aazpyhy,Type Ib/c,,,,
BTS,ZTF20aazstdx,Type Ia,,,,
BTS,ZTF20aazswwk,Type II,,,,
BTS,ZTF20aazsyvu,Type Ia,,,,
BTS,ZTF20aazymxi,Type Ia,,,,
BTS,ZTF20abafzxx,Type Ia,,,,
BTS,ZTF20abahhml,Type Ia,,,,
BTS,ZTF20abatfzl,Type Ia,,,,
BTS,ZTF20abatmsa,Type Ia,,,,
BTS,ZTF20abatows,Type Ia,,,,
BTS,ZTF20abavnaw,Type Ia,,,,
BTS,ZTF20abawgdl,Type Ia,,,,
BTS,ZTF20abawtpy,Type Ia,,,,
BTS,ZTF20abazekd,Type Ia,,,,
BTS,ZTF20abazgfi,Type Ia,,,,
BTS,ZTF20abbhyxu,Type Ia,,,,
BTS,ZTF20abbozif,Type Ia,,,,
BTS,ZTF20abbpkpa,Type II,,,,
BTS,ZTF20abbplei,Type Ib/c,,,,
BTS,ZTF20abbpory,Type Ia,,,,
BTS,ZTF20abcbxpj,Type Ia,,,,
BTS,ZTF20abccixp,Type II,,,,
BTS,ZTF20abccojn,Type Ia,,,,
BTS,ZTF20abchhuw,Type Ia,,,,
BTS,ZTF20abcsbux,Type Ia,,,,
BTS,ZTF20abcsjtx,Type Ia,,,,
BTS,ZTF20abctyza,Type Ia,,,,
BTS,ZTF20abdajyr,Type Ia,,,,
BTS,ZTF20abdsunu,Type Ia,,,,
BTS,ZTF20abdtiti,Type Ia,,,,
BTS,ZTF20abdxoeu,Type II,,,,
BTS,ZTF20abdxuew,Type Ia,,,,
BTS,ZTF20abdxyae,Type Ia,,,,
BTS,ZTF20abdzrxo,Type Ia,,,,
BTS,ZTF20abedydu,Type Ia,,,,
BTS,ZTF20abedygm,Type Ia,,,,
BTS,ZTF20abefbnz,Type Ia,,,,
BTS,ZTF20abefdvd,Type Ia,,,,
BTS,ZTF20abefzfc,Type Ia,,,,
BTS,ZTF20abegate,Type Ia,,,,
BTS,ZTF20abeglzu,Type Ia,,,,
BTS,ZTF20abehvas,Type Ia,,,,
BTS,ZTF20abejvpr,Type Ia,,,,
BTS,ZTF20abeljuj,Type Ia,,,,
BTS,ZTF20abelnha,Type Ia,,,,
BTS,ZTF20abeoicg,Type Ia,,,,
BTS,ZTF20abeolsw,Type Ia,,,,
BTS,ZTF20abewogd,Type Ia,,,,
BTS,ZTF20abfadah,Type Ib/c,,,,
BTS,ZTF20abfcsnk,Type Ia,,,,
BTS,ZTF20abfemvr,Type Ia,,,,
BTS,ZTF20abffaxl,Type Ia,,,,
BTS,ZTF20abfhzhm,Type Ia,,,,
BTS,ZTF20abfklsy,Type Ia,,,,
BTS,ZTF20abfqeef,Type Ia,,,,
BTS,ZTF20abfyriw,Type Ia,,,,
BTS,ZTF20abgbwmt,Type Ia,,,,
BTS,ZTF20abgbxfm,Type Ia,,,,
BTS,ZTF20abgbxzn,Type Ia,,,,
BTS,ZTF20abgdtmv,Type Ia,,,,
BTS,ZTF20abgevcw,Type Ia,,,,
BTS,ZTF20abgfekk,Type Ia,,,,
BTS,ZTF20abgfvav,Type Ia,,,,
BTS,ZTF20abgijph,Type Ia,,,,
BTS,ZTF20abgoocl,Type II,,,,
BTS,ZTF20abgpksj,Type Ia,,,,
BTS,ZTF20abgtvhl,Type II,,,,
BTS,ZTF20abgwgqj,Type Ia,,,,
BTS,ZTF20abgzvff,Type Ia,,,,
BTS,ZTF20abhlncz,Type Ib/c,,,,
BTS,ZTF20abhmnom,Type Ia,,,,
BTS,ZTF20abhrmxh,Type Ia,,,,
BTS,ZTF20abhzgly,Type Ia,,,,
BTS,ZTF20abipuee,Type Ia,,,,
BTS,ZTF20abisvtr,Type Ia,,,,
BTS,ZTF20abixkhh,Type Ia,,,,
BTS,ZTF20abjaapj,Type II,,,,
BTS,ZTF20abjatqy,Type II,,,,
BTS,ZTF20abjbiqf,Type Ia,,,,
BTS,ZTF20abjfufv,Type Ia,,,,
BTS,ZTF20abjonjs,Type II,,,,
BTS,ZTF20abjpvce,Type Ib/c,,,,
BTS,ZTF20abjubmm,Type Ia,,,,
BTS,ZTF20abjuxoy,Type II,,,,
BTS,ZTF20abjwuju,Type Ia,,,,
BTS,ZTF20abjwvdh,Type Ia,,,,
BTS,ZTF20abjxrhg,Type Ia,,,,
BTS,ZTF20abjxwga,Type Ia,,,,
BTS,ZTF20abjyoty,Type II,,,,
BTS,ZTF20abkacis,Type Ia,,,,
BTS,ZTF20abkcril,Type Ia,,,,
BTS,ZTF20abkdpsy,Type Ia,,,,
BTS,ZTF20abkfhzy,Type Ia,,,,
BTS,ZTF20abkzhpk,Type Ia,,,,
BTS,ZTF20ableiem,Type Ia,,,,
BTS,ZTF20ablklei,Type II,,,,
BTS,ZTF20ablkswc,Type Ia,,,,
BTS,ZTF20ablqbvc,Type Ia,,,,
BTS,ZTF20ablygyy,Type II,,,,
BTS,ZTF20abmbycd,Type Ia,,,,
BTS,ZTF20abmcxct,Type Ia,,,,
BTS,ZTF20abmdfcy,Type Ia,,,,
BTS,ZTF20abmihnc,Type II,,,,
BTS,ZTF20abmudrv,Type Ia,,,,
BTS,ZTF20abmxovj,Type Ia,,,,
BTS,ZTF20abmxstg,Type Ia,,,,
BTS,ZTF20abmzfql,Type Ia,,,,
BTS,ZTF20abnmahn,Type Ia,,,,
BTS,ZTF20abobpcb,SLSN,,,,
BTS,ZTF20abodgpt,Type Ia,,,,
BTS,ZTF20abonvte,Type II,,,,
BTS,ZTF20aboquuv,Type Ia,,,,
BTS,ZTF20abowpvf,Type Ia,,,,
BTS,ZTF20abpeyat,Type Ia,,,,
BTS,ZTF20abpglei,Type Ia,,,,
BTS,ZTF20abpmqnr,Type II,,,,
BTS,ZTF20abptxls,Type Ia,,,,
BTS,ZTF20abpuijn,Type Ia,,,,
BTS,ZTF20abpuwxl,SLSN,,,,
BTS,ZTF20abpuxna,Type II,,,,
BTS,ZTF20abpuyau,Type Ia,,,,
BTS,ZTF20abpvolc,Type Ia,,,,
BTS,ZTF20abpyplw,Type Ia,,,,
BTS,ZTF20abpyxja,Type Ia,,,,
BTS,ZTF20abqaqgv,Type Ia,,,,
BTS,ZTF20abqdkne,Type Ib/c,,,,
BTS,ZTF20abqetet,Type Ia,,,,
BTS,ZTF20abqferm,Type II,,,,
BTS,ZTF20abqfgee,Type Ia,,,,
BTS,ZTF20abqgbum,Type II,,,,
BTS,ZTF20abqgzhh,Type Ia,,,,
BTS,ZTF20abqlmwn,Type II,,,,
BTS,ZTF20abqmtsh,Type Ia,,,,
BTS,ZTF20abqofgc,Type Ia,,,,
BTS,ZTF20abqosnh,Type Ia,,,,
BTS,ZTF20abquppg,Type Ia,,,,
BTS,ZTF20abrgyhd,Type Ia,,,,
BTS,ZTF20abrnavu,Type Ia,,,,
BTS,ZTF20abrnklh,Type Ia,,,,
BTS,ZTF20abrnvnn,Type II,,,,
BTS,ZTF20abrnvwf,Type Ia,,,,
BTS,ZTF20absvtnc,Type Ia,,,,
BTS,ZTF20abswdbg,Type Ib/c,,,,
BTS,ZTF20abswjae,Type Ia,,,,
BTS,ZTF20abszyjg,Type Ia,,,,
BTS,ZTF20abtctgr,Type Ia,,,,
BTS,ZTF20abthxfr,Type Ia,,,,
BTS,ZTF20abtjjhb,Type II,,,,
BTS,ZTF20abtkjfw,Type Ib/c,,,,
BTS,ZTF20abtnpwt,Type Ia,,,,
BTS,ZTF20abtsecq,Type Ia,,,,
BTS,ZTF20abucjsa,Type Ia,,,,
BTS,ZTF20abucvpo,Type Ia,,,,
BTS,ZTF20abuojuw,Type Ia,,,,
BTS,ZTF20abupbub,Type Ia,,,,
BTS,ZTF20abushtf,Type Ia,,,,
BTS,ZTF20abvowvw,Type Ia,,,,
BTS,ZTF20abvqibv,Type Ia,,,,
BTS,ZTF20abvquuo,Type Ib/c,,,,
BTS,ZTF20abvtozi,Type Ia,,,,
BTS,ZTF20abvvnqh,Type Ib/c,,,,
BTS,ZTF20abvyare,Type Ia,,,,
BTS,ZTF20abvyauy,Type Ia,,,,
BTS,ZTF20abvykmy,Type Ia,,,,
BTS,ZTF20abwavab,Type Ia,,,,
BTS,ZTF20abwcnhm,Type Ia,,,,
BTS,ZTF20abwdaeo,Type II,,,,
BTS,ZTF20abwdwoa,Type Ia,,,,
BTS,ZTF20abweedo,Type Ia,,,,
BTS,ZTF20abwftit,Type II,,,,
BTS,ZTF20abwkqxd,Type Ia,,,,
BTS,ZTF20abwktfx,Type Ia,,,,
BTS,ZTF20abwrcmq,Type Ia,,,,
BTS,ZTF20abwxywy,Type Ib/c,,,,
BTS,ZTF20abwynwj,Type Ia,,,,
BTS,ZTF20abwzqzo,Type II,,,,
BTS,ZTF20abxezim,Type Ia,,,,
BTS,ZTF20abxfiev,Type Ia,,,,
BTS,ZTF20abxgwjr,Type Ia,,,,
BTS,ZTF20abxgxjd,Type Ia,,,,
BTS,ZTF20abxidyb,Type Ia,,,,
BTS,ZTF20abxjefm,Type Ia,,,,
BTS,ZTF20abxmwwd,Type II,,,,
BTS,ZTF20abxpoxd,Type Ib/c,,,,
BTS,ZTF20abxpzxg,Type Ia,,,,
BTS,ZTF20abxrsjb,Type Ia,,,,
BTS,ZTF20abxyfye,Type Ia,,,,
BTS,ZTF20abxzrqw,Type Ia,,,,
BTS,ZTF20abyfmjr,Type Ia,,,,
BTS,ZTF20abygigy,Type Ia,,,,
BTS,ZTF20abyiohf,Type Ia,,,,
BTS,ZTF20abyjopm,Type Ia,,,,
BTS,ZTF20abyjoxb,Type Ia,,,,
BTS,ZTF20abyjpxx,Type Ia,,,,
BTS,ZTF20abylbuf,Type Ia,,,,
BTS,ZTF20abyppuk,Type Ia,,,,
BTS,ZTF20abyptpc,Type Ia,,,,
BTS,ZTF20abyqdyg,Type Ia,,,,
BTS,ZTF20abyskia,Type Ia,,,,
BTS,ZTF20abyvtds,Type Ia,,,,
BTS,ZTF20abywoaa,Type II,,,,
BTS,ZTF20abywpkl,Type Ia,,,,
BTS,ZTF20abywspv,Type Ia,,,,
BTS,ZTF20abywsut,Type Ib/c,,,,
BTS,ZTF20abywydb,Type II,,,,
BTS,ZTF20abyxjvm,Type II,,,,
BTS,ZTF20abyxnjo,Type Ia,,,,
BTS,ZTF20abyxuky,Type Ia,,,,
BTS,ZTF20abyyfmw,Type Ia,,,,
BTS,ZTF20abyylgi,Type II,,,,
BTS,ZTF20abyzgzj,Type Ia,,,,
BTS,ZTF20abyzomt,Type II,,,,
BTS,ZTF20abyzoof,Type II,,,,
BTS,ZTF20abyzprl,Type II,,,,
BTS,ZTF20abzbfct,Type Ia,,,,
BTS,ZTF20abzcokv,Type Ia,,,,
BTS,ZTF20abzetdf,Type Ia,,,,
BTS,ZTF20abzgegm,Type II,,,,
BTS,ZTF20abzjads,Type Ia,,,,
BTS,ZTF20abzjoxd,Type II,,,,
BTS,ZTF20abzjpsv,Type Ia,,,,
BTS,ZTF20abzjvse,Type Ia,,,,
BTS,ZTF20abzoeiw,Type Ib/c,,,,
BTS,ZTF20abzpxxu,Type Ia,,,,
BTS,ZTF20abzvxyk,Type Ia,,,,
BTS,ZTF20acajvrj,Type Ia,,,,
BTS,ZTF20acauthg,Type Ia,,,,
BTS,ZTF20acbcfaa,SLSN,,,,
BTS,ZTF20acbeanu,Type Ia,,,,
BTS,ZTF20acbekkx,Type II,,,,
BTS,ZTF20acberbd,Type Ia,,,,
BTS,ZTF20acberfr,Type Ia,,,,
BTS,ZTF20acbnoqi,Type Ia,,,,
BTS,ZTF20acbovrt,Type Ia,,,,
BTS,ZTF20acbttnt,Type Ia,,,,
BTS,ZTF20accdijx,Type II,,,,
BTS,ZTF20acchxpm,Type Ia,,,,
BTS,ZTF20accmutv,Type II,,,,
BTS,ZTF20accodxy,Type Ia,,,,
BTS,ZTF20accrldu,Type II,,,,
BTS,ZTF20accsfkt,Type Ia,,,,
BTS,ZTF20acctbbw,Type Ia,,,,
BTS,ZTF20accxqqo,Type Ia,,,,
BTS,ZTF20accxzmn,Type Ia,,,,
BTS,ZTF20acdafau,Type Ia,,,,
BTS,ZTF20acdalpf,Type Ia,,,,
BTS,ZTF20acdqjeq,Type Ia,,,,
BTS,ZTF20acectxy,Type II,,,,
BTS,ZTF20acedqis,Type II,,,,
BTS,ZTF20aceyolc,Type II,,,,
BTS,ZTF20acezpem,Type Ia,,,,
BTS,ZTF20acfaonm,Type Ia,,,,
BTS,ZTF20acfasbq,Type Ia,,,,
BTS,ZTF20acfdmex,Type II,,,,
BTS,ZTF20acfkyll,Type II,,,,
BTS,ZTF20acfkzcg,Type II,,,,
BTS,ZTF20acfqngt,Type Ib/c,,,,
BTS,ZTF20acfvgdp,Type II,,,,
BTS,ZTF20acfwrln,Type II,,,,
BTS,ZTF20acgbkji,Type Ia,,,,
BTS,ZTF20acgdycd,Type Ia,,,,
BTS,ZTF20acgided,Type II,,,,
BTS,ZTF20acgiglu,Type II,,,,
BTS,ZTF20acgmqgv,Type Ia,,,,
BTS,ZTF20acgnbvv,Type Ia,,,,
BTS,ZTF20acgnelh,Type II,,,,
BTS,ZTF20acgnenc,Type II,,,,
BTS,ZTF20acgnrqu,Type Ia,,,,
BTS,ZTF20acgnzhj,Type Ia,,,,
BTS,ZTF20acgprcg,Type Ia,,,,
BTS,ZTF20acgremo,Type Ia,,,,
BTS,ZTF20achadaa,Type Ia,,,,
BTS,ZTF20achawym,Type Ia,,,,
BTS,ZTF20achbejn,Type II,,,,
BTS,ZTF20achbekh,Type Ia,,,,
BTS,ZTF20achdwmq,Type Ia,,,,
BTS,ZTF20achksbc,Type Ia,,,,
BTS,ZTF20achlced,Type Ia,,,,
BTS,ZTF20achmgee,Type Ia,,,,
BTS,ZTF20achncqp,Type Ia,,,,
BTS,ZTF20achncvv,SLSN,,,,
BTS,ZTF20achnfaa,Type II,,,,
BTS,ZTF20achsfcq,Type Ia,,,,
BTS,ZTF20achtxbi,Type Ia,,,,
BTS,ZTF20achtzug,Type Ia,,,,
BTS,ZTF20achusux,Type II,,,,
BTS,ZTF20achvdtx,Type II,,,,
BTS,ZTF20achvmoj,Type Ia,,,,
BTS,ZTF20aciievv,Type Ia,,,,
BTS,ZTF20acikuon,Type Ia,,,,
BTS,ZTF20acisbek,Type Ia,,,,
BTS,ZTF20acithxf,Type Ia,,,,
BTS,ZTF20acitoie,Type II,,,,
BTS,ZTF20aciuakv,Type Ia,,,,
BTS,ZTF20aciubfx,Type II,,,,
BTS,ZTF20aciubjh,Type II,,,,
BTS,ZTF20aciudrr,Type Ia,,,,
BTS,ZTF20aciugdl,Type Ia,,,,
BTS,ZTF20aciwrpn,Type II,,,,
BTS,ZTF20acixidp,Type Ia,,,,
BTS,ZTF20acizliy,Type Ia,,,,
BTS,ZTF20acjbhhp,Type II,,,,
BTS,ZTF20acjhhqx,Type Ia,,,,
BTS,ZTF20acjlkpe,Type Ia,,,,
BTS,ZTF20ackitai,Type Ia,,,,
BTS,ZTF20ackkejs,Type Ia,,,,
BTS,ZTF20acklcyp,Type II,,,,
BTS,ZTF20acknpig,Type II,,,,
BTS,ZTF20aclflxd,Type Ia,,,,
BTS,ZTF20aclftuo,Type II,,,,
BTS,ZTF20aclkcuu,Type Ia,,,,
BTS,ZTF20aclkuqh,Type Ia,,,,
BTS,ZTF20aclkvjy,Type II,,,,
BTS,ZTF20aclnqle,SLSN,,,,
BTS,ZTF20aclnsts,Type Ia,,,,
BTS,ZTF20acmaaan,Type II,,,,
BTS,ZTF20acmfacr,Type Ia,,,,
BTS,ZTF20acmzoxo,Type Ia,,,,
BTS,ZTF20acngnrs,Type II,,,,
BTS,ZTF20acnyxln,Type Ia,,,,
BTS,ZTF20acobvxk,Type Ia,,,,
BTS,ZTF20acobxlz,Type Ia,,,,
BTS,ZTF20acogesf,Type Ia,,,,
BTS,ZTF20acoojba,Type Ia,,,,
BTS,ZTF20acorjop,Type II,,,,
BTS,ZTF20acowata,Type Ia,,,,
BTS,ZTF20acowddo,Type Ia,,,,
BTS,ZTF20acoxmsr,Type Ia,,,,
BTS,ZTF20acoyfpk,Type Ia,,,,
BTS,ZTF20acpbboa,Type II,,,,
BTS,ZTF20acpcuwx,Type Ia,,,,
BTS,ZTF20acpevli,Type II,,,,
BTS,ZTF20acpgnej,Type Ia,,,,
BTS,ZTF20acphbem,Type Ia,,,,
BTS,ZTF20acphccy,Type Ia,,,,
BTS,ZTF20acphcdv,Type Ia,,,,
BTS,ZTF20acphdbu,Type Ia,,,,
BTS,ZTF20acphdcg,SLSN,,,,
BTS,ZTF20acpjqxp,Type Ib/c,,,,
BTS,ZTF20acpkjsn,Type Ia,,,,
BTS,ZTF20acpknjk,Type Ia,,,,
BTS,ZTF20acpkses,Type II,,,,
BTS,ZTF20acplhku,Type Ia,,,,
BTS,ZTF20acpmgdz,Type Ia,,,,
BTS,ZTF20acpqbfu,Type II,,,,
BTS,ZTF20acpujxl,Type Ia,,,,
BTS,ZTF20acpvbbh,Type II,,,,
BTS,ZTF20acpwjus,Type Ia,,,,
BTS,ZTF20acpxvez,Type Ia,,,,
BTS,ZTF20acpyaap,Type Ia,,,,
BTS,ZTF20acpyldh,SLSN,,,,
BTS,ZTF20acqelhh,Type Ia,,,,
BTS,ZTF20acqgklx,Type II,,,,
BTS,ZTF20acqksdi,Type Ia,,,,
BTS,ZTF20acqlfwb,Type Ia,,,,
BTS,ZTF20acqqdkl,Type II,,,,
BTS,ZTF20acqzjqz,Type Ia,,,,
BTS,ZTF20acrbpqd,Type Ia,,,,
BTS,ZTF20acrdemq,Type Ia,,,,
BTS,ZTF20acrerzb,Type Ia,,,,
BTS,ZTF20acrqeje,Type Ia,,,,
BTS,ZTF20acrrssy,Type II,,,,
BTS,ZTF20acrudzk,Type Ia,,,,
BTS,ZTF20acrufey,Type Ia,,,,
BTS,ZTF20acrxrfv,Type Ia,,,,
BTS,ZTF20acrzwvx,Type II,,,,
BTS,ZTF20actawpa,Type II,,,,
BTS,ZTF20actddoh,Type Ia,,,,
BTS,ZTF20actdeqw,Type Ia,,,,
BTS,ZTF20actfeym,Type Ia,,,,
BTS,ZTF20actiymd,Type Ia,,,,
BTS,ZTF20actkmks,Type II,,,,
BTS,ZTF20actkulc,Type II,,,,
BTS,ZTF20actnuls,Type II,,,,
BTS,ZTF20actoakx,Type Ia,,,,
BTS,ZTF20actpavu,Type II,,,,
BTS,ZTF20actpbck,Type Ia,,,,
BTS,ZTF20actpqgc,Type Ib/c,,,,
BTS,ZTF20actpuan,Type Ia,,,,
BTS,ZTF20actqnhg,Type II,,,,
BTS,ZTF20actquzl,Type II,,,,
BTS,ZTF20actskcf,Type Ia,,,,
BTS,ZTF20acucbek,Type Ia,,,,
BTS,ZTF20acufmte,Type II,,,,
BTS,ZTF20acugxbm,Type Ia,,,,
BTS,ZTF20acuhgar,Type II,,,,
BTS,ZTF20acuhren,Type II,,,,
BTS,ZTF20acumxrh,Type Ia,,,,
BTS,ZTF20acuosvy,Type Ia,,,,
BTS,ZTF20acuowxj,Type Ia,,,,
BTS,ZTF20acuoxrx,Type Ia,,,,
BTS,ZTF20acurtpj,Type Ia,,,,
BTS,ZTF20acusneh,Type Ia,,,,
BTS,ZTF20acusqsp,Type Ia,,,,
BTS,ZTF20acuzlib,Type Ia,,,,
BTS,ZTF20acveadu,Type II,,,,
BTS,ZTF20acvebcu,Type Ib/c,,,,
BTS,ZTF20acvejem,Type Ia,,,,
BTS,ZTF20acveyyv,Type II,,,,
BTS,ZTF20acviwcr,Type Ia,,,,
BTS,ZTF20acviwgj,Type II,,,,
BTS,ZTF20acvjagm,Type II,,,,
BTS,ZTF20acvjlev,Type II,,,,
BTS,ZTF20acvziuf,Type Ia,,,,
BTS,ZTF20acwcfvx,Type Ia,,,,
BTS,ZTF20acwdnbw,Type Ia,,,,
BTS,ZTF20acwfanr,Type Ia,,,,
BTS,ZTF20acwfcfs,Type Ia,,,,
BTS,ZTF20acwgxhk,Type II,,,,
BTS,ZTF20acwkwqn,Type Ia,,,,
BTS,ZTF20acwncbd,Type Ia,,,,
BTS,ZTF20acwnrty,Type Ia,,,,
BTS,ZTF20acwoamm,Type Ia,,,,
BTS,ZTF20acwofhd,Type Ib/c,,,,
BTS,ZTF20acwozwz,Type Ia,,,,
BTS,ZTF20acwqkuz,Type Ia,,,,
BTS,ZTF20acwqqjs,Type II,,,,
BTS,ZTF20acwujgz,Type Ia,,,,
BTS,ZTF20acwxbyr,Type Ia,,,,
BTS,ZTF20acxbnjd,Type Ia,,,,
BTS,ZTF20acxncha,Type Ia,,,,
BTS,ZTF20acxpurh,Type Ia,,,,
BTS,ZTF20acxsxac,Type Ia,,,,
BTS,ZTF20acxtdcm,Type II,,,,
BTS,ZTF20acxvvnf,Type Ia,,,,
BTS,ZTF20acxzkkf,Type Ia,,,,
BTS,ZTF20acxzqyp,Type Ia,,,,
BTS,ZTF20acyqzeu,Type II,,,,
BTS,ZTF20acyrhbo,Type Ia,,,,
BTS,ZTF20acyvbhj,Type Ia,,,,
BTS,ZTF20acyvzbr,Type Ia,,,,
BTS,ZTF20acywbes,Type Ia,,,,
BTS,ZTF20acyyavb,Type Ia,,,,
BTS,ZTF20acyybvq,Type Ia,,,,
BTS,ZTF20aczacag,Type Ia,,,,
BTS,ZTF20aczgoml,Type Ia,,,,
BTS,ZTF20acztnts,Type Ia,,,,
BTS,ZTF20adadlqv,Type II,,,,
BTS,ZTF20adadrhw,Type Ib/c,,,,
BTS,ZTF20adaduxg,Type II,,,,
BTS,ZTF21aaabaey,Type Ia,,,,
BTS,ZTF21aaabtyq,Type Ia,,,,
BTS,ZTF21aaabucr,Type Ia,,,,
BTS,ZTF21aaabviz,Type Ia,,,,
BTS,ZTF21aaabvjk,Type Ia,,,,
BTS,ZTF21aaabwem,Type II,,,,
BTS,ZTF21aaaewsb,Type Ia,,,,
BTS,ZTF21aaafgmv,Type Ia,,,,
BTS,ZTF21aaahyjj,Type Ia,,,,
BTS,ZTF21aaampui,Type Ia,,,,
BTS,ZTF21aaaoviv,Type Ia,,,,
BTS,ZTF21aaarmti,SLSN,,,,
BTS,ZTF21aaaubig,Type Ib/c,,,,
BTS,ZTF21aabhxxj,Type Ia,,,,
BTS,ZTF21aabvdjw,Type Ia,,,,
BTS,ZTF21aabvqlo,Type Ia,,,,
BTS,ZTF21aacvhsc,Type Ia,,,,
BTS,ZTF21aaczpca,Type Ia,,,,
BTS,ZTF21aadkhte,Type II,,,,
BTS,ZTF21aadktwq,Type Ia,,,,
BTS,ZTF21aadoizf,Type II,,,,
BTS,ZTF21aaespww,Type Ia,,,,
BTS,ZTF21aafkgvj,Type Ia,,,,
BTS,ZTF21aafkktu,Type II,,,,
BTS,ZTF21aafkwtk,Type II,,,,
BTS,ZTF21aagkhwf,Type Ia,,,,
BTS,ZTF21aagmoqw,Type Ia,,,,
BTS,ZTF21aagmqic,Type Ia,,,,
BTS,ZTF21aagocor,Type Ia,,,,
BTS,ZTF21aagojfe,Type Ia,,,,
BTS,ZTF21aagoliy,Type Ia,,,,
BTS,ZTF21aagolqa,Type Ia,,,,
BTS,ZTF21aagpymw,SLSN,,,,
BTS,ZTF21aagqbvp,Type II,,,,
BTS,ZTF21aagqcnl,Type Ia,,,,
BTS,ZTF21aagsihi,Type Ia,,,,
BTS,ZTF21aagtcgb,Type Ia,,,,
BTS,ZTF21aagtekf,Type II,,,,
BTS,ZTF21aagtuzm,Type Ia,,,,
BTS,ZTF21aagycrc,Type Ia,,,,
BTS,ZTF21aahkvem,Type Ia,,,,
BTS,ZTF21aaiaqhh,Type II,,,,
BTS,ZTF21aajfpwk,Type Ia,,,,
BTS,ZTF21aakildf,Type Ia,,,,
BTS,ZTF21aakupth,Type II,,,,
BTS,ZTF21aalgszc,Type Ia,,,,
BTS,ZTF21aalkknw,Type Ia,,,,
BTS,ZTF21aamhtui,Type Ia,,,,
